Cluster, Core Distance
0,0.64174,
2,0.500675,
3,0.516373,
