Cluster, Core Distance
0,0.756992,
2,0.576069,
3,0.577216,
