Cluster, Core Distance
0,0.694153,
2,0.549826,
3,0.659797,
5,0.633621,
6,0.571312,
7,0.548564,
