Cluster, Core Distance
0,1.14044,
4,1.14044,
5,1.07348,
7,0.987023,
10,1.02542,
12,1.02396,
13,1.01488,
