Cluster, Core Distance
0,0.930507,
2,0.848428,
4,0.809557,
7,0.91772,
8,0.805498,
10,0.795979,
13,0.650516,
14,0.723464,
17,0.714086,
18,0.601498,
19,0.62185,
