Cluster, Core Distance
0,0.542816,
2,0.323168,
3,0.459302,
4,0.297977,
5,0.297233,
