Cluster, Core Distance
0,0.678598,
2,0.545499,
3,0.485344,
