Cluster, Core Distance
0,0.569448,
2,0.513458,
3,0.422959,
