Cluster, Min Core Distance, Max Core Distance, Core Distance Ratio, Min Distance, Max Distance, Distance Ratio
0,0.362009,0.741656,2.04872,0.0139504,1.40626,100.805
2,0.145499,0.361227,2.48268,0.0348731,1.38863,39.8195
3,0.176912,0.361994,2.04618,0.0348731,1.37528,39.4368
