Cluster, Core Distance
0,0.653868,
2,0.50045,
3,0.501642,
