Cluster, Core Distance
0,0.789051,
2,0.492572,
3,0.496688,
