Cluster, Core Distance
0,0.662337,
2,0.557275,
3,0.551983,
