Cluster, Core Distance
0,0.540886,
2,0.336702,
3,0.3363,
