Cluster, Core Distance
0,0.633603,
2,0.526915,
3,0.525949,
