Cluster, Core Distance
0,0.699787,
2,0.565883,
3,0.510994,
