Cluster, Core Distance
0,0.668732,
2,0.545096,
3,0.534547,
