Cluster, Core Distance
0,0.679077,
2,0.520305,
3,0.514543,
5,0.435616,
9,0.346699,
10,0.469924,
11,0.606431,
12,0.560617,
13,0.537783,
