Cluster, Core Distance
0,0.673383,
2,0.542992,
3,0.561624,
