Cluster, Core Distance
0,0.515608,
2,0.319789,
3,0.27891,
4,0.515608,
5,0.360327,
