Cluster, Core Distance
0,0.758799,
2,0.57349,
3,0.571407,
