Cluster, Core Distance
0,0.545916,
2,0.348662,
3,0.336196,
4,0.373676,
7,0.326255,
8,0.346321,
10,0.378769,
13,0.360451,
14,0.396749,
18,0.350561,
22,0.350586,
23,0.409851,
24,0.390621,
27,0.381572,
29,0.431986,
32,0.33721,
33,0.40962,
36,0.383047,
37,0.366335,
41,0.37592,
42,0.379732,
47,0.35151,
48,0.3698,
49,0.423884,
50,0.42867,
52,0.359985,
56,0.408661,
57,0.391633,
60,0.457249,
61,0.402238,
62,0.368301,
63,0.301024,
64,0.386743,
66,0.312556,
67,0.388874,
