Cluster, Core Distance
0,0.690072,
2,0.496444,
3,0.496926,
