Cluster, Core Distance
0,0.486297,
2,0.264969,
3,0.266283,
