Cluster, Core Distance
0,0.785031,
2,0.623169,
4,0.643617,
5,0.766471,
