Cluster, Core Distance
0,0.901315,
2,0.562052,
3,0.597295,
