Cluster, Core Distance
0,0.70353,
2,0.506745,
3,0.511036,
