Cluster, Min Core Distance, Max Core Distance, Core Distance Ratio, Min Distance, Max Distance, Distance Ratio
0,0.283184,0.66481,2.34763,0.0109981,1.28347,116.699
3,0.254513,0.329587,1.29497,0.142243,0.709994,4.99143
5,0.264727,0.311657,1.17728,0.142243,0.678498,4.77001
6,0.160781,0.285031,1.77279,0.082048,0.709994,8.6534
7,0.205682,0.28504,1.38583,0.082048,1.19855,14.6079
