Cluster, Core Distance
0,0.522311,
2,0.323579,
3,0.322835,
