Cluster, Core Distance
0,0.550195,
2,0.494993,
3,0.450693,
