Cluster, Core Distance
0,0.657784,
2,0.523169,
3,0.524192,
