Cluster, Core Distance
0,0.687907,
2,0.556464,
3,0.555516,
