Cluster, Core Distance
0,0.645732,
2,0.480461,
3,0.48104,
4,0.398728,
6,0.480216,
7,0.496433,
