Cluster, Core Distance
0,0.761331,
2,0.730377,
3,0.599394,
4,0.711778,
6,0.715662,
7,0.679148,
