Cluster, Core Distance
0,0.572184,
2,0.362464,
3,0.36343,
