Cluster, Core Distance
0,0.741827,
2,0.597347,
3,0.594214,
