Cluster, Min Core Distance, Max Core Distance, Core Distance Ratio, Min Distance, Max Distance, Distance Ratio
0,0.284593,0.803212,2.82232,0.0349035,1.3405,38.406
4,0.230238,0.327651,1.4231,0.119822,1.15601,9.64777
5,0.219704,0.324884,1.47873,0.119822,0.557684,4.65428
6,0.272029,0.306671,1.12735,0.119822,0.524598,4.37815
7,0.164215,0.308227,1.87698,0.0489915,1.3077,26.6924
