Cluster, Core Distance
0,0.572702,
2,0.484215,
3,0.483552,
