Cluster, Core Distance
0,0.537545,
2,0.335104,
3,0.334709,
