Cluster, Core Distance
0,0.550757,
2,0.348895,
3,0.34884,
