Cluster, Core Distance
0,0.542205,
2,0.340859,
3,0.34088,
