Cluster, Min Core Distance, Max Core Distance, Core Distance Ratio, Min Distance, Max Distance, Distance Ratio
0,0.505508,0.744754,1.47328,0.133468,1.28768,9.64782
2,0.410959,0.495572,1.20589,0.133468,1.24048,9.29418
3,0.274966,0.505462,1.83827,0.133468,1.28768,9.64782
