Cluster, Core Distance
0,0.61366,
2,0.2229,
3,0.222465,
