Cluster, Core Distance
0,0.807294,
2,0.527347,
3,0.526391,
