Cluster, Core Distance
0,0.690771,
2,0.518451,
3,0.52052,
