Cluster, Core Distance
0,0.608771,
2,0.465159,
3,0.464537,
4,0.383636,
5,0.315258,
