Cluster, Core Distance
0,0.598547,
2,0.486152,
3,0.48575,
