Cluster, Core Distance
0,0.543119,
2,0.400795,
3,0.543119,
