Cluster, Core Distance
0,0.515668,
2,0.281166,
3,0.282412,
