Cluster, Core Distance
0,0.506757,
2,0.270518,
3,0.271054,
