Cluster, Core Distance
0,0.912941,
2,0.583613,
3,0.567409,
