Cluster, Core Distance
0,0.719219,
2,0.646236,
3,0.581553,
