Cluster, Min Core Distance, Max Core Distance, Core Distance Ratio, Min Distance, Max Distance, Distance Ratio
0,0.327291,0.52703,1.61028,0.0283804,1.28019,45.1082
2,0.293547,0.325853,1.11005,0.129859,0.918004,7.06922
3,0.143811,0.327255,2.27559,0.0277734,1.32918,47.8579
