Cluster, Core Distance
0,0.501206,
3,0.283782,
5,0.284621,
6,0.280218,
8,0.280201,
9,0.279882,
