Cluster, Min Core Distance, Max Core Distance, Core Distance Ratio, Min Distance, Max Distance, Distance Ratio
0,0.363556,0.639976,1.76032,0.0296517,1.36736,46.1141
2,0.318942,0.37254,1.16805,0.0296517,1.32739,44.7661
3,0.310139,0.372772,1.20195,0.0296517,1.29537,43.6862
