Cluster, Core Distance
0,0.748457,
2,0.58457,
3,0.593133,
