Cluster, Core Distance
0,0.664061,
2,0.518593,
3,0.513106,
