Cluster, Core Distance
0,0.611731,
2,0.45995,
3,0.36529,
4,0.4573,
5,0.412287,
6,0.456717,
7,0.431971,
