Cluster, Core Distance
0,0.769008,
2,0.613959,
3,0.622203,
