Cluster, Core Distance
0,0.888168,
4,0.853619,
5,0.888168,
7,0.766788,
10,0.605629,
12,0.659829,
13,0.500264,
