Cluster, Core Distance
0,0.823429,
2,0.604071,
3,0.602083,
