Cluster, Core Distance
0,0.542522,
2,0.482184,
3,0.416667,
