Cluster, Core Distance
0,0.578048,
2,0.36366,
3,0.362807,
