Cluster, Core Distance
0,0.912578,
2,0.577166,
3,0.599738,
