Cluster, Core Distance
0,0.630211,
2,0.490005,
3,0.489654,
