Cluster, Core Distance
0,0.563982,
2,0.286969,
3,0.288629,
