Cluster, Core Distance
0,0.805095,
2,0.562219,
3,0.564658,
6,0.633705,
7,0.663098,
8,0.655016,
9,0.607306,
