Cluster, Core Distance
0,0.553799,
2,0.344756,
3,0.345302,
