Cluster, Core Distance
0,0.530166,
2,0.328446,
3,0.325258,
