Cluster, Core Distance
0,0.578264,
2,0.363994,
3,0.362098,
