Cluster, Core Distance
0,0.520594,
2,0.324511,
3,0.323341,
