Cluster, Core Distance
0,0.680141,
2,0.514237,
3,0.513549,
