Cluster, Core Distance
0,0.699835,
2,0.556539,
3,0.559069,
