Cluster, Core Distance
0,0.565587,
2,0.441446,
3,0.351347,
4,0.400777,
5,0.353241,
