Cluster, Core Distance
0,0.601862,
2,0.509993,
3,0.507644,
