Cluster, Core Distance
0,0.569771,
2,0.360637,
3,0.360835,
