Cluster, Core Distance
0,0.622509,
3,0.461162,
4,0.419501,
5,0.426161,
