Cluster, Core Distance
0,0.555268,
2,0.348849,
3,0.348882,
