Cluster, Core Distance
0,0.923607,
2,0.840301,
4,0.784832,
7,0.89771,
8,0.802245,
10,0.780398,
13,0.646876,
14,0.721522,
17,0.710522,
18,0.597362,
19,0.618801,
