Cluster, Core Distance
0,0.567607,
2,0.29418,
3,0.293752,
