Cluster, Core Distance
0,0.520618,
2,0.451884,
3,0.313257,
