Cluster, Core Distance
0,0.680837,
2,0.556752,
3,0.554238,
