Cluster, Core Distance
0,0.69248,
2,0.487427,
3,0.492916,
6,0.374903,
8,0.4348,
9,0.515127,
10,0.506941,
11,0.498722,
