Cluster, Core Distance
0,0.529231,
2,0.332876,
3,0.379341,
5,0.384388,
8,0.415681,
9,0.40677,
11,0.386197,
13,0.370539,
14,0.345656,
16,0.395743,
20,0.37382,
23,0.423284,
29,0.368753,
30,0.383088,
31,0.421393,
33,0.401834,
36,0.37534,
37,0.38697,
38,0.432876,
41,0.385163,
43,0.41804,
44,0.398323,
47,0.410516,
50,0.395471,
53,0.374365,
54,0.316838,
56,0.41763,
57,0.307457,
58,0.428125,
61,0.35086,
63,0.42215,
64,0.382727,
65,0.387053,
66,0.413867,
67,0.356841,
72,0.327067,
73,0.413222,
