Cluster, Core Distance
0,0.798026,
2,0.694439,
3,0.618404,
