Cluster, Core Distance
0,0.554484,
2,0.309774,
3,0.481832,
4,0.318153,
5,0.314376,
