Cluster, Core Distance
0,0.70353,
2,0.506745,
3,0.511036,
4,0.453758,
6,0.614763,
8,0.434372,
9,0.397147,
