Cluster, Core Distance
0,0.781759,
2,0.630234,
3,0.636258,
