Cluster, Core Distance
0,0.721771,
2,0.551704,
3,0.552807,
