Cluster, Min Core Distance, Max Core Distance, Core Distance Ratio, Min Distance, Max Distance, Distance Ratio
0,0.432267,0.649317,1.50212,0.193807,1.14336,5.89946
3,0.438287,0.535085,1.22086,0.330984,0.486849,1.47092
6,0.330984,0.47286,1.42865,0.193807,1.14336,5.89946
7,0.318779,0.472883,1.48342,0.29977,0.977399,3.26049
8,0.360191,0.459099,1.2746,0.29977,0.977399,3.26049
11,0.405371,0.453837,1.11956,0.330984,0.968576,2.92636
12,0.376859,0.421515,1.11849,0.330984,0.602179,1.81936
13,0.329279,0.403868,1.22652,0.29977,0.977399,3.26049
