Cluster, Core Distance
0,0.477248,
2,0.306353,
3,0.305162,
