Cluster, Core Distance
0,0.621842,
2,0.497176,
3,0.507511,
