Cluster, Core Distance
0,0.548609,
2,0.343906,
3,0.469056,
4,0.304253,
5,0.300921,
