Cluster, Core Distance
0,0.641371,
2,0.498772,
3,0.480605,
