Cluster, Core Distance
0,0.574553,
2,0.217303,
3,0.217654,
