Cluster, Core Distance
0,0.831894,
2,0.733054,
3,0.64044,
