Cluster, Core Distance
0,0.762893,
2,0.573491,
3,0.572633,
4,0.649304,
8,0.719031,
9,0.633202,
12,0.646215,
13,0.665038,
14,0.57479,
16,0.710808,
19,0.632163,
20,0.573491,
21,0.620224,
23,0.710764,
24,0.664593,
25,0.648334,
