Cluster, Core Distance
0,0.53915,
2,0.479339,
3,0.474992,
