Cluster, Core Distance
0,0.818285,
2,0.596656,
3,0.644201,
5,0.818285,
6,0.756351,
9,0.586356,
11,0.619797,
12,0.683786,
13,0.560327,
