Cluster, Core Distance
0,0.666511,
2,0.493519,
3,0.494999,
