Cluster, Min Core Distance, Max Core Distance, Core Distance Ratio, Min Distance, Max Distance, Distance Ratio
0,0.297356,0.464666,1.56266,0.0437295,1.20383,27.5291
2,0.289539,0.316305,1.09244,0.422526,0.624842,1.47883
4,0.284775,0.295083,1.0362,0.422526,0.624842,1.47883
5,0.135486,0.309583,2.28498,0.00818774,1.29333,157.959
