Cluster, Core Distance
0,0.705149,
2,0.576559,
3,0.564259,
