Cluster, Core Distance
0,0.593463,
2,0.4762,
3,0.528743,
5,0.411259,
6,0.411512,
14,0.143077,
16,0.335736,
24,0.312711,
25,0.295833,
30,0.245026,
31,0.163241,
