Cluster, Core Distance
0,0.731082,
2,0.587409,
3,0.571047,
