Cluster, Core Distance
0,0.453658,
2,0.316256,
3,0.316536,
