Cluster, Core Distance
0,0.701768,
2,0.503283,
3,0.510209,
