Cluster, Core Distance
0,0.860915,
2,0.693957,
3,0.860915,
