Cluster, Core Distance
0,0.732197,
2,0.589352,
3,0.572908,
