Cluster, Core Distance
0,0.720307,
2,0.560931,
3,0.555732,
