Cluster, Core Distance
0,0.733247,
2,0.566845,
3,0.565941,
