Cluster, Core Distance
0,0.648799,
2,0.488838,
3,0.490411,
