Cluster, Core Distance
0,0.695225,
2,0.498673,
3,0.505171,
