Cluster, Core Distance
0,0.698175,
2,0.556264,
3,0.632059,
4,0.638878,
6,0.574744,
8,0.544967,
10,0.663658,
11,0.600833,
