Cluster, Core Distance
0,0.435862,
2,0.286112,
3,0.28819,
