Cluster, Core Distance
0,0.925705,
3,0.627649,
4,0.706827,
5,0.726215,
