Cluster, Core Distance
0,0.766141,
2,0.566211,
3,0.566939,
