Cluster, Core Distance
0,0.420307,
2,0.305757,
4,0.406283,
5,0.28409,
6,0.278672,
7,0.27865,
