Cluster, Core Distance
0,0.622509,
2,0.602026,
3,0.461162,
4,0.522197,
5,0.580697,
