Cluster, Core Distance
0,0.587507,
2,0.366634,
3,0.366037,
