Cluster, Core Distance
0,0.558595,
2,0.468591,
3,0.473748,
4,0.445796,
8,0.358072,
9,0.356182,
