Cluster, Core Distance
0,0.484247,
2,0.388258,
3,0.412558,
