Cluster, Core Distance
0,0.560673,
2,0.499741,
3,0.42076,
