Cluster, Core Distance
0,0.789978,
2,0.587658,
3,0.741518,
5,0.512821,
6,0.538421,
9,0.525694,
11,0.6177,
12,0.789978,
13,0.610077,
