Cluster, Core Distance
0,0.50859,
2,0.372438,
3,0.273999,
4,0.50859,
5,0.453656,
