Cluster, Core Distance
0,0.572063,
2,0.458441,
4,0.386249,
5,0.383325,
