Cluster, Core Distance
0,0.639401,
2,0.499542,
3,0.502156,
