Cluster, Core Distance
0,0.646687,
2,0.646687,
3,0.256673,
