Cluster, Core Distance
0,0.420307,
2,0.305757,
5,0.271926,
6,0.278672,
7,0.27865,
