Cluster, Min Core Distance, Max Core Distance, Core Distance Ratio, Min Distance, Max Distance, Distance Ratio
0,0.416801,0.668584,1.60408,0.11004,0.585267,5.31867
2,0.141012,0.416352,2.9526,0.00770718,1.39442,180.924
3,0.256454,0.408819,1.59412,0.222715,0.366212,1.64431
