Cluster, Core Distance
0,0.654395,
2,0.561063,
3,0.610094,
