Cluster, Core Distance
0,1.13436,
4,1.13436,
5,1.06734,
7,0.917171,
10,0.978578,
12,0.885869,
13,0.935832,
