Cluster, Core Distance
0,0.548959,
2,0.490308,
3,0.373767,
