Cluster, Core Distance
0,0.628546,
3,0.486196,
4,0.438088,
5,0.436923,
