Cluster, Core Distance
0,0.595943,
2,0.369796,
3,0.595943,
