Cluster, Core Distance
0,0.883465,
2,0.54716,
3,0.450078,
