Cluster, Core Distance
0,0.729129,
2,0.565761,
3,0.565795,
4,0.575638,
10,0.649008,
11,0.614855,
13,0.608037,
14,0.674529,
15,0.594401,
16,0.536109,
17,0.503543,
