Cluster, Core Distance
0,0.519768,
2,0.311749,
3,0.311773,
