Cluster, Core Distance
0,0.687263,
2,0.531802,
3,0.534794,
