Cluster, Core Distance
0,0.680658,
2,0.549612,
3,0.546738,
