Cluster, Core Distance
0,0.70947,
2,0.569378,
3,0.568647,
