Cluster, Core Distance
0,0.524888,
2,0.414546,
3,0.284053,
4,0.51733,
5,0.413082,
