Cluster, Min Core Distance, Max Core Distance, Core Distance Ratio, Min Distance, Max Distance, Distance Ratio
0,0.437106,1.09266,2.49976,0.0310158,1.38744,44.7333
2,0.186144,0.436877,2.34698,0.0310158,1.37809,44.4319
3,0.167808,0.436011,2.59828,0.0310158,1.37809,44.4319
