Cluster, Core Distance
0,0.788387,
2,0.577972,
3,0.582467,
