Cluster, Core Distance
0,0.511514,
2,0.305528,
3,0.303545,
