Cluster, Core Distance
0,0.594272,
2,0.484645,
3,0.482316,
