Cluster, Core Distance
0,0.638127,
2,0.638127,
3,0.624284,
