Cluster, Core Distance
0,0.902406,
2,0.575748,
3,0.597039,
