Cluster, Core Distance
0,0.687263,
2,0.553686,
3,0.534794,
4,0.615072,
5,0.565252,
