Cluster, Core Distance
0,0.824757,
2,0.639501,
3,0.638893,
