Cluster, Core Distance
0,0.682947,
2,0.523344,
3,0.522288,
