Cluster, Core Distance
0,0.559838,
2,0.504283,
3,0.429311,
