Cluster, Core Distance
0,0.681404,
2,0.516895,
3,0.516714,
