Cluster, Core Distance
0,0.512734,
2,0.455408,
3,0.426093,
