Cluster, Min Core Distance, Max Core Distance, Core Distance Ratio, Min Distance, Max Distance, Distance Ratio
0,0.394206,1.0688,2.71128,0.0310158,1.37809,44.4319
2,0.0895316,0.393489,4.39497,0.0310158,1.37809,44.4319
3,0.14659,0.394869,2.6937,0.0310158,1.37809,44.4319
