Cluster, Core Distance
0,0.668835,
2,0.517556,
3,0.518673,
