Cluster, Core Distance
0,0.923506,
2,0.837063,
4,0.777768,
7,0.886573,
8,0.79947,
10,0.775831,
13,0.645958,
14,0.718737,
17,0.706043,
18,0.58743,
19,0.602279,
