Cluster, Core Distance
0,0.52492,
2,0.330008,
3,0.329658,
