Cluster, Core Distance
0,1.21524,
4,1.21524,
5,1.19685,
7,1.12707,
10,1.11084,
12,1.17928,
13,1.1798,
