Cluster, Core Distance
0,0.755908,
2,0.604008,
4,0.600477,
5,0.702142,
