Cluster, Core Distance
0,0.812719,
2,0.59359,
3,0.642861,
5,0.812719,
6,0.752599,
9,0.584925,
11,0.61768,
12,0.682422,
13,0.559945,
