Cluster, Core Distance
0,0.469845,
2,0.304992,
3,0.305044,
