Cluster, Core Distance
0,0.522573,
3,0.323391,
5,0.30966,
6,0.306791,
7,0.303155,
