Cluster, Core Distance
0,0.714957,
2,0.606179,
3,0.492645,
6,0.344542,
7,0.312528,
8,0.59475,
9,0.514776,
