Cluster, Core Distance
0,0.534793,
2,0.297748,
5,0.296936,
6,0.28984,
7,0.289726,
