Cluster, Core Distance
0,0.570025,
2,0.299849,
3,0.29996,
