Cluster, Core Distance
0,0.580965,
2,0.371566,
3,0.370287,
