Cluster, Core Distance
0,0.760102,
2,0.577241,
3,0.59924,
4,0.637628,
6,0.545921,
12,0.609117,
13,0.605188,
15,0.618275,
16,0.570952,
17,0.668212,
18,0.566761,
19,0.63816,
