Cluster, Core Distance
0,0.71421,
2,0.558194,
3,0.5256,
