Cluster, Core Distance
0,0.624069,
2,0.494216,
3,0.49924,
