Cluster, Core Distance
0,0.570394,
2,0.469745,
3,0.470518,
