Cluster, Core Distance
0,0.534171,
2,0.334587,
3,0.33412,
