Cluster, Core Distance
0,0.555268,
2,0.499677,
3,0.394677,
