Cluster, Core Distance
0,0.589516,
3,0.472248,
4,0.469544,
6,0.308133,
12,0.302278,
13,0.341749,
14,0.326741,
15,0.305861,
