Cluster, Core Distance
0,0.575974,
2,0.364456,
3,0.364388,
