Cluster, Core Distance
0,0.591327,
2,0.369884,
3,0.591327,
