Cluster, Core Distance
0,0.527012,
2,0.323964,
3,0.323969,
