Cluster, Core Distance
0,0.831894,
2,0.636549,
3,0.64044,
