Cluster, Core Distance
0,0.638095,
2,0.234217,
3,0.234647,
