Cluster, Core Distance
0,0.662337,
2,0.662337,
3,0.622311,
