Cluster, Core Distance
0,0.666926,
2,0.543246,
3,0.480073,
