Cluster, Core Distance
0,0.659759,
2,0.485823,
3,0.485918,
