Cluster, Core Distance
0,0.563982,
2,0.341684,
3,0.552173,
