Cluster, Min Core Distance, Max Core Distance, Core Distance Ratio, Min Distance, Max Distance, Distance Ratio
0,0.231346,0.58057,2.50954,0.03143,1.37622,43.787
2,0.163647,0.260569,1.59226,0.0463776,1.13433,24.4586
3,0.231023,0.262913,1.13804,0.129859,1.06015,8.16384
