Cluster, Core Distance
0,0.789051,
2,0.492572,
3,0.496688,
4,0.622765,
5,0.545198,
6,0.492572,
7,0.599738,
