Cluster, Core Distance
0,0.933152,
3,0.690526,
4,0.912941,
5,0.783658,
