Cluster, Core Distance
0,0.686478,
2,0.476131,
3,0.470005,
