Cluster, Core Distance
0,0.565136,
2,0.470741,
3,0.460868,
4,0.46649,
5,0.415571,
