Cluster, Core Distance
0,0.665037,
2,0.370831,
3,0.321609,
