Cluster, Core Distance
0,0.601862,
2,0.531768,
3,0.507644,
5,0.542569,
6,0.466567,
7,0.475545,
