Cluster, Core Distance
0,0.634102,
2,0.524372,
3,0.524314,
