Cluster, Core Distance
0,0.670311,
2,0.615211,
3,0.612879,
