Cluster, Core Distance
0,0.687978,
2,0.550179,
3,0.547073,
