Cluster, Core Distance
0,0.60912,
2,0.476546,
3,0.479049,
