Cluster, Core Distance
0,0.526733,
2,0.321563,
3,0.321455,
