Cluster, Core Distance
0,0.762893,
2,0.573491,
3,0.572633,
