Cluster, Core Distance
0,0.928232,
3,0.64299,
4,0.771708,
5,0.771708,
