Cluster, Core Distance
0,0.754766,
2,0.56673,
3,0.55907,
