Cluster, Core Distance
0,0.643257,
2,0.524397,
3,0.523334,
4,0.509408,
6,0.443683,
8,0.560193,
10,0.53572,
12,0.580793,
13,0.550014,
15,0.504302,
16,0.51183,
17,0.570109,
