Cluster, Core Distance
0,0.509774,
2,0.325996,
5,0.307068,
7,0.304483,
9,0.291152,
11,0.301631,
13,0.288247,
14,0.277582,
15,0.288079,
