Cluster, Core Distance
0,0.698573,
2,0.567786,
3,0.563521,
