Cluster, Core Distance
0,0.674003,
2,0.550264,
3,0.55084,
5,0.574284,
6,0.514734,
8,0.51268,
9,0.57162,
10,0.582157,
12,0.548174,
13,0.503099,
