Cluster, Min Core Distance, Max Core Distance, Core Distance Ratio, Min Distance, Max Distance, Distance Ratio
0,0.370248,0.645249,1.74275,0.0272626,1.35937,49.8622
2,0.31191,0.385919,1.23728,0.094102,1.23619,13.1367
4,0.292619,0.370217,1.26518,0.094102,1.23619,13.1367
5,0.264911,0.368951,1.39274,0.094102,1.35937,14.4457
