Cluster, Core Distance
0,0.68649,
2,0.547437,
3,0.505452,
