Cluster, Core Distance
0,0.76848,
2,0.562817,
3,0.580862,
