Cluster, Core Distance
0,0.930969,
2,0.880518,
3,0.930969,
