Cluster, Core Distance
0,0.682947,
2,0.533824,
3,0.522288,
4,0.604204,
5,0.596509,
