Cluster, Core Distance
0,0.803578,
2,0.622967,
3,0.627022,
