Cluster, Core Distance
0,0.748457,
2,0.649384,
3,0.593133,
