Cluster, Core Distance
0,0.656483,
2,0.53719,
3,0.510544,
