Cluster, Core Distance
0,0.594498,
2,0.493597,
5,0.477699,
6,0.320701,
7,0.415284,
