Cluster, Core Distance
0,0.798567,
2,0.700375,
3,0.62511,
