Cluster, Core Distance
0,0.537576,
2,0.330099,
3,0.330109,
