Cluster, Core Distance
0,0.556333,
2,0.502354,
3,0.436022,
