Cluster, Core Distance
0,0.717038,
2,0.560306,
3,0.533703,
