Cluster, Core Distance
0,0.606486,
3,0.455398,
4,0.407018,
5,0.285864,
6,0.334012,
7,0.117364,
8,0.395068,
9,0.439762,
10,0.385082,
12,0.494306,
14,0.407215,
15,0.42379,
19,0.310459,
23,0.309096,
24,0.278032,
26,0.281912,
27,0.246639,
