Cluster, Core Distance
0,0.64918,
2,0.497405,
3,0.497361,
