Cluster, Core Distance
0,0.570391,
2,0.475331,
3,0.482523,
