Cluster, Core Distance
0,0.651953,
2,0.489195,
3,0.488957,
