Cluster, Core Distance
0,0.610157,
2,0.467827,
3,0.475285,
