Cluster, Core Distance
0,0.68346,
2,0.493517,
3,0.421515,
