Cluster, Core Distance
0,0.737396,
2,0.550057,
3,0.549175,
