Cluster, Core Distance
0,1.1269,
4,1.1269,
5,1.05883,
7,0.913457,
10,0.94379,
12,0.860909,
13,0.896385,
