Cluster, Core Distance
0,0.689187,
2,0.562459,
3,0.56302,
