Cluster, Core Distance
0,0.704829,
2,0.570098,
3,0.563911,
