Cluster, Core Distance
0,0.634472,
2,0.473593,
3,0.473356,
4,0.329937,
5,0.403811,
