Cluster, Core Distance
0,0.53915,
2,0.338041,
3,0.33808,
