Cluster, Core Distance
0,0.595943,
2,0.308659,
3,0.309447,
