Cluster, Core Distance
0,0.587688,
3,0.453657,
6,0.417352,
8,0.352125,
12,0.258576,
14,0.313868,
15,0.316682,
17,0.318358,
18,0.292553,
19,0.313327,
20,0.289634,
22,0.242247,
23,0.239228,
