Cluster, Core Distance
0,0.699835,
2,0.556539,
3,0.599264,
4,0.498871,
6,0.564593,
8,0.638035,
11,0.520373,
12,0.641451,
13,0.639562,
