Cluster, Core Distance
0,0.795641,
2,0.594584,
3,0.640935,
5,0.795641,
6,0.750205,
9,0.581498,
11,0.604913,
12,0.649128,
13,0.545799,
