Cluster, Core Distance
0,0.59915,
2,0.447789,
3,0.45364,
4,0.309469,
6,0.325943,
7,0.375988,
