Cluster, Core Distance
0,0.740913,
2,0.619933,
3,0.493996,
6,0.365452,
7,0.518419,
8,0.576595,
9,0.61924,
