Cluster, Core Distance
0,0.519304,
2,0.282092,
3,0.283206,
