Cluster, Min Core Distance, Max Core Distance, Core Distance Ratio, Min Distance, Max Distance, Distance Ratio
0,0.271797,0.53095,1.95348,0.0277734,1.33583,48.0975
3,0.248635,0.287388,1.15586,0.116808,1.03021,8.81975
5,0.228208,0.287528,1.25993,0.116808,0.990586,8.4805
7,0.178992,0.285305,1.59395,0.0798406,1.13797,14.253
9,0.168782,0.282756,1.67527,0.0798406,1.13714,14.2426
10,0.145795,0.274535,1.88302,0.0283804,1.24242,43.7775
11,0.193439,0.273114,1.41188,0.116808,1.03021,8.81975
