Cluster, Core Distance
0,0.522801,
3,0.296578,
5,0.287388,
7,0.286865,
8,0.284647,
9,0.282611,
