Cluster, Min Core Distance, Max Core Distance, Core Distance Ratio, Min Distance, Max Distance, Distance Ratio
0,0.292877,0.568231,1.94017,0.0551788,1.36416,24.7225
2,0.174875,0.292858,1.67467,0.0116863,1.41018,120.67
3,0.0637288,0.290648,4.5607,0.15912,0.904993,5.6875
