Cluster, Core Distance
0,0.681482,
2,0.530549,
3,0.517061,
