Cluster, Core Distance
0,0.639351,
2,0.476009,
3,0.470564,
4,0.398768,
6,0.343428,
7,0.48119,
