Cluster, Core Distance
0,0.556617,
2,0.262601,
3,0.245687,
