Cluster, Core Distance
0,0.740913,
2,0.491186,
3,0.493996,
