Cluster, Core Distance
0,0.700945,
2,0.502431,
3,0.503314,
4,0.501307,
6,0.418036,
8,0.447096,
9,0.393978,
