Cluster, Core Distance
0,0.819829,
2,0.684545,
4,0.683549,
7,0.675559,
8,0.665694,
10,0.649624,
13,0.567182,
14,0.653059,
17,0.585322,
18,0.45472,
19,0.451147,
