Cluster, Core Distance
0,0.54958,
2,0.289873,
3,0.475798,
4,0.307952,
5,0.307768,
