Cluster, Core Distance
0,0.626584,
2,0.233764,
3,0.233542,
