Cluster, Core Distance
0,0.612677,
2,0.491569,
3,0.480944,
