Cluster, Core Distance
0,0.66168,
2,0.587589,
3,0.600483,
