Cluster, Core Distance
0,0.596978,
2,0.217537,
3,0.217213,
