Cluster, Core Distance
0,0.552516,
2,0.325775,
4,0.313527,
5,0.311584,
