Cluster, Core Distance
0,0.645691,
2,0.478074,
3,0.479932,
