Cluster, Core Distance
0,0.720307,
2,0.560931,
3,0.617129,
5,0.498781,
7,0.709656,
9,0.589418,
10,0.574216,
11,0.583208,
