Cluster, Core Distance
0,0.814044,
2,0.677384,
4,0.674334,
7,0.667725,
8,0.632528,
10,0.642789,
13,0.563456,
14,0.64712,
17,0.573792,
18,0.449817,
19,0.45005,
