Cluster, Core Distance
0,0.527508,
2,0.318685,
3,0.45221,
5,0.288528,
7,0.286743,
8,0.286817,
9,0.286252,
