Cluster, Core Distance
0,0.791475,
2,0.591951,
3,0.586021,
