Cluster, Core Distance
0,0.663287,
2,0.541871,
3,0.525469,
