Cluster, Core Distance
0,0.805977,
2,0.7166,
3,0.644892,
