Cluster, Core Distance
0,0.822251,
2,0.755762,
5,0.772908,
6,0.777919,
11,0.571302,
14,0.595041,
16,0.568078,
17,0.496213,
