Cluster, Core Distance
0,0.545572,
2,0.543604,
3,0.471701,
5,0.357314,
7,0.345452,
10,0.35783,
16,0.331162,
24,0.314635,
25,0.296202,
30,0.299796,
31,0.285101,
