Cluster, Core Distance
0,0.694123,
2,0.544289,
3,0.548475,
