Cluster, Core Distance
0,0.752723,
2,0.490621,
3,0.496931,
