Cluster, Core Distance
0,0.687686,
2,0.404174,
3,0.347542,
