Cluster, Core Distance
0,0.667326,
2,0.501212,
3,0.5008,
