Cluster, Core Distance
0,0.677266,
2,0.386152,
3,0.336599,
