Cluster, Core Distance
0,0.486297,
2,0.339201,
3,0.266283,
4,0.486297,
5,0.360913,
