Cluster, Core Distance
0,0.674003,
2,0.550264,
3,0.55084,
