Cluster, Core Distance
0,0.524155,
2,0.27299,
3,0.459325,
4,0.524017,
5,0.318841,
7,0.320481,
9,0.34408,
18,0.292735,
19,0.274941,
32,0.309077,
33,0.311356,
34,0.310607,
35,0.312252,
46,0.268908,
47,0.276286,
52,0.25275,
58,0.200903,
60,0.215949,
61,0.239476,
