Cluster, Core Distance
0,0.940853,
2,0.854523,
4,0.810772,
7,0.922494,
8,0.806719,
10,0.797467,
13,0.668561,
14,0.732121,
17,0.732121,
18,0.610897,
19,0.628356,
