Cluster, Core Distance
0,0.66168,
2,0.51741,
3,0.520595,
