Cluster, Core Distance
0,0.712107,
2,0.691874,
3,0.587896,
4,0.64674,
6,0.692578,
7,0.664731,
