Cluster, Core Distance
0,0.531447,
2,0.374598,
3,0.333726,
4,0.399958,
6,0.395376,
9,0.425667,
11,0.400418,
14,0.472912,
15,0.413846,
17,0.379848,
21,0.476509,
24,0.478628,
27,0.462184,
29,0.377341,
30,0.446433,
31,0.38894,
34,0.434477,
35,0.470262,
37,0.460091,
41,0.452074,
44,0.427522,
45,0.408262,
46,0.378914,
47,0.388243,
