Cluster, Core Distance
0,0.55545,
2,0.332343,
3,0.331431,
