Cluster, Core Distance
0,0.573384,
2,0.362259,
3,0.362008,
