Cluster, Core Distance
0,0.921318,
2,0.830139,
4,0.754461,
7,0.873745,
8,0.75826,
10,0.74942,
13,0.635598,
14,0.712503,
17,0.687283,
18,0.579772,
19,0.587357,
