Cluster, Core Distance
0,0.687196,
2,0.527125,
3,0.510501,
