Cluster, Core Distance
0,0.434344,
2,0.306949,
3,0.328016,
