Cluster, Min Core Distance, Max Core Distance, Core Distance Ratio, Min Distance, Max Distance, Distance Ratio
0,0.317995,0.665615,2.09316,0.0109981,1.28347,116.699
2,0.266293,0.336002,1.26177,0.142243,0.709994,4.99143
4,0.270251,0.316778,1.17216,0.142243,0.704578,4.95336
5,0.161874,0.317992,1.96444,0.0109981,1.28347,116.699
