Cluster, Core Distance
0,0.529185,
2,0.324844,
3,0.328969,
