Cluster, Core Distance
0,0.698284,
2,0.544745,
3,0.550313,
5,0.521203,
6,0.622555,
8,0.474403,
9,0.636404,
