Cluster, Core Distance
0,0.695315,
2,0.540336,
3,0.531772,
