Cluster, Core Distance
0,0.557191,
2,0.291031,
3,0.547252,
