Cluster, Core Distance
0,0.766471,
2,0.486214,
5,0.442926,
6,0.428584,
7,0.436608,
