Cluster, Core Distance
0,0.461764,
2,0.295641,
3,0.295811,
