Cluster, Core Distance
0,0.522573,
2,0.348249,
3,0.465446,
5,0.30966,
6,0.306791,
7,0.303155,
