Cluster, Core Distance
0,0.503531,
2,0.340933,
3,0.270971,
4,0.503531,
5,0.331845,
