Cluster, Core Distance
0,0.651255,
2,0.508632,
3,0.535536,
