Cluster, Core Distance
0,0.672485,
2,0.499497,
3,0.497134,
4,0.404941,
6,0.492715,
8,0.419999,
9,0.44449,
