Cluster, Core Distance
0,0.693739,
2,0.544986,
3,0.584419,
5,0.584429,
6,0.620693,
8,0.504528,
9,0.619336,
