Cluster, Core Distance
0,0.617667,
2,0.419259,
3,0.550477,
4,0.476934,
5,0.496285,
