Cluster, Core Distance
0,0.613709,
2,0.496601,
3,0.495167,
