Cluster, Min Core Distance, Max Core Distance, Core Distance Ratio, Min Distance, Max Distance, Distance Ratio
0,0.240355,0.772482,3.21392,0.0256257,1.40626,54.8769
3,0.0506656,0.371762,7.33756,0.0256257,1.39512,54.4423
5,0.254146,0.29666,1.16728,0.0326298,1.20144,36.8203
6,0.20731,0.237091,1.14365,0.0326298,1.20144,36.8203
7,0.066859,0.240017,3.5899,0.0326298,1.38438,42.4269
