Cluster, Core Distance
0,0.810609,
2,0.56742,
3,0.572525,
