Cluster, Core Distance
0,0.498279,
2,0.391728,
3,0.271031,
4,0.498279,
5,0.429338,
