Cluster, Core Distance
0,0.591125,
2,0.368764,
3,0.368765,
