Cluster, Core Distance
0,0.593008,
2,0.501458,
3,0.501092,
4,0.475627,
6,0.518179,
8,0.542112,
9,0.460868,
