Cluster, Core Distance
0,0.523401,
2,0.452901,
3,0.351995,
