Cluster, Core Distance
0,0.789979,
2,0.687643,
3,0.615234,
