Cluster, Core Distance
0,0.95463,
2,0.940349,
3,0.95463,
