Cluster, Core Distance
0,0.701671,
2,0.565852,
3,0.557491,
