Cluster, Core Distance
0,0.731938,
2,0.609193,
3,0.495251,
6,0.436208,
7,0.342087,
8,0.602947,
9,0.554078,
