Cluster, Min Core Distance, Max Core Distance, Core Distance Ratio, Min Distance, Max Distance, Distance Ratio
0,0.282064,0.551273,1.95442,0.0166084,1.36459,82.1623
2,0.199514,0.282058,1.41372,0.0166084,1.36459,82.1623
3,0.162345,0.281924,1.73657,0.0166084,1.36459,82.1623
