Cluster, Core Distance
0,0.585577,
2,0.363684,
3,0.361955,
