Cluster, Core Distance
0,0.57177,
2,0.356275,
3,0.356142,
