Cluster, Core Distance
0,0.684665,
2,0.397971,
3,0.344258,
