Cluster, Core Distance
0,0.835305,
2,0.714122,
4,0.691107,
7,0.710245,
8,0.668212,
10,0.66451,
13,0.594162,
14,0.668561,
17,0.592381,
18,0.468382,
19,0.493984,
