Cluster, Core Distance
0,0.702365,
2,0.569049,
3,0.563825,
