Cluster, Core Distance
0,0.546695,
2,0.460388,
3,0.467288,
5,0.424338,
7,0.427865,
9,0.430986,
11,0.339485,
12,0.402182,
13,0.349119,
