Cluster, Core Distance
0,0.562305,
2,0.509549,
3,0.432019,
