Cluster, Core Distance
0,0.693058,
2,0.404592,
3,0.349491,
