Cluster, Core Distance
0,0.748185,
2,0.557057,
3,0.547641,
