Cluster, Core Distance
0,0.693106,
2,0.542361,
3,0.527073,
