Cluster, Core Distance
0,0.618782,
2,0.616094,
3,0.352905,
