Cluster, Core Distance
0,0.572043,
2,0.360913,
3,0.361143,
