Cluster, Core Distance
0,0.645691,
2,0.494164,
3,0.479932,
4,0.383252,
6,0.398171,
7,0.476716,
