Cluster, Core Distance
0,0.44642,
2,0.321798,
3,0.422993,
