Cluster, Min Core Distance, Max Core Distance, Core Distance Ratio, Min Distance, Max Distance, Distance Ratio
0,0.424638,0.689221,1.62308,0.0286804,1.14398,39.8871
2,0.412382,0.436286,1.05797,0.0648171,0.251633,3.8822
3,0.135702,0.436399,3.21585,0.0286804,1.38406,48.2581
