Cluster, Core Distance
0,0.512734,
2,0.314031,
3,0.313691,
