Cluster, Min Core Distance, Max Core Distance, Core Distance Ratio, Min Distance, Max Distance, Distance Ratio
0,0.255664,0.741272,2.8994,0.0756874,1.31029,17.3118
2,0.189418,0.253707,1.33941,0.29977,0.977399,3.26049
3,0.187319,0.252397,1.34742,0.29977,0.977399,3.26049
