Cluster, Core Distance
0,0.586704,
2,0.365014,
3,0.364409,
