Cluster, Core Distance
0,0.595613,
2,0.401754,
3,0.595613,
