Cluster, Core Distance
0,0.715586,
2,0.563173,
3,0.569777,
