Cluster, Core Distance
0,0.477248,
2,0.309547,
3,0.436515,
