Cluster, Core Distance
0,0.519304,
2,0.320966,
3,0.283206,
4,0.51718,
5,0.396201,
