Cluster, Core Distance
0,0.731334,
2,0.575243,
3,0.580629,
