Cluster, Core Distance
0,0.760143,
2,0.576285,
3,0.582596,
4,0.672299,
10,0.650983,
11,0.639296,
14,0.572429,
15,0.670937,
16,0.608575,
17,0.634629,
18,0.570724,
19,0.537421,
