Cluster, Core Distance
0,0.578615,
2,0.454921,
3,0.451111,
