Cluster, Core Distance
0,0.491339,
2,0.318334,
3,0.318155,
