Cluster, Core Distance
0,0.545916,
2,0.336252,
3,0.336196,
