Cluster, Core Distance
0,0.545871,
2,0.337948,
3,0.338008,
