Cluster, Core Distance
0,0.588674,
2,0.456384,
3,0.368766,
4,0.411413,
5,0.429528,
6,0.412749,
7,0.306463,
