Cluster, Core Distance
0,0.61964,
2,0.423956,
3,0.557846,
4,0.460892,
5,0.493945,
