Cluster, Core Distance
0,0.810609,
2,0.56742,
3,0.670995,
6,0.529863,
7,0.666649,
10,0.522051,
11,0.665694,
