Cluster, Core Distance
0,0.589979,
2,0.463929,
3,0.312757,
4,0.400777,
5,0.394656,
6,0.421258,
7,0.43266,
