Cluster, Core Distance
0,0.869106,
2,0.779753,
5,0.843158,
6,0.806539,
11,0.601244,
14,0.620476,
16,0.613351,
17,0.587283,
