Cluster, Core Distance
0,0.583293,
2,0.36364,
3,0.36167,
