Cluster, Core Distance
0,0.515608,
2,0.278901,
3,0.27891,
