Cluster, Core Distance
0,0.534793,
2,0.304656,
3,0.459302,
5,0.296936,
6,0.28984,
7,0.289726,
