Cluster, Core Distance
0,0.599882,
2,0.464464,
3,0.462577,
