Cluster, Core Distance
0,0.716474,
2,0.552158,
3,0.70298,
5,0.500739,
7,0.50051,
9,0.589019,
11,0.582239,
12,0.552158,
13,0.574893,
