Cluster, Min Core Distance, Max Core Distance, Core Distance Ratio, Min Distance, Max Distance, Distance Ratio
0,0.460423,0.647251,1.40577,0.142243,0.660901,4.6463
2,0.108796,0.45972,4.22552,0.0109981,1.36963,124.533
3,0.333437,0.419623,1.25848,0.223096,0.310289,1.39083
