Cluster, Core Distance
0,0.721649,
2,0.55637,
3,0.556145,
