Cluster, Core Distance
0,0.745855,
2,0.569292,
3,0.568275,
