Cluster, Core Distance
0,0.668322,
2,0.488182,
3,0.493683,
