Cluster, Core Distance
0,0.670311,
2,0.509585,
3,0.518077,
