Cluster, Min Core Distance, Max Core Distance, Core Distance Ratio, Min Distance, Max Distance, Distance Ratio
0,0.404549,0.831639,2.05572,0.0256257,1.40239,54.7261
2,0.0830186,0.40436,4.87072,0.0256257,1.39512,54.4423
3,0.0679561,0.402602,5.92445,0.0256257,1.39512,54.4423
