Cluster, Core Distance
0,0.660763,
2,0.493215,
3,0.496334,
4,0.481768,
5,0.437378,
