Cluster, Core Distance
0,0.550195,
2,0.347227,
3,0.347248,
