Cluster, Core Distance
0,0.541831,
2,0.28486,
3,0.28504,
