Cluster, Core Distance
0,0.623541,
2,0.48783,
3,0.488871,
7,0.577428,
8,0.473141,
9,0.484472,
11,0.406215,
12,0.48783,
13,0.588451,
14,0.475173,
15,0.445582,
