Cluster, Core Distance
0,0.572063,
2,0.482498,
3,0.479323,
4,0.386249,
5,0.383325,
