Cluster, Core Distance
0,0.574273,
2,0.485008,
3,0.484745,
