Cluster, Core Distance
0,0.554484,
3,0.330714,
4,0.318153,
5,0.314376,
