Cluster, Core Distance
0,0.690217,
2,0.620578,
3,0.565721,
