Cluster, Core Distance
0,0.635276,
2,0.473687,
3,0.469115,
