Cluster, Core Distance
0,0.54069,
2,0.40753,
4,0.339225,
5,0.340766,
