Cluster, Core Distance
0,0.586237,
2,0.363584,
3,0.363629,
