Cluster, Core Distance
0,0.802215,
2,0.539294,
3,0.54333,
4,0.661155,
6,0.589747,
7,0.620527,
8,0.595627,
9,0.522051,
