Cluster, Core Distance
0,0.541831,
2,0.351785,
3,0.541831,
