Cluster, Core Distance
0,0.744708,
2,0.58889,
3,0.496069,
6,0.546974,
7,0.529064,
8,0.548499,
10,0.624104,
11,0.587424,
