Cluster, Core Distance
0,0.593008,
2,0.501458,
3,0.501092,
