Cluster, Core Distance
0,0.686931,
2,0.554672,
3,0.548347,
