Cluster, Min Core Distance, Max Core Distance, Core Distance Ratio, Min Distance, Max Distance, Distance Ratio
0,0.352139,0.814031,2.31168,0.0223599,1.38505,61.9436
2,0.204461,0.399176,1.95233,0.0581396,1.19412,20.5388
4,0.324188,0.364321,1.12379,0.0581396,0.57225,9.84268
5,0.228003,0.363854,1.59583,0.0223599,1.34541,60.1706
