Cluster, Core Distance
0,0.569638,
2,0.40588,
3,0.407967,
4,0.287659,
5,0.350458,
