Cluster, Core Distance
0,0.847785,
2,0.735926,
4,0.70935,
7,0.74166,
8,0.704434,
10,0.70935,
13,0.605992,
14,0.697008,
17,0.628799,
18,0.519546,
19,0.516213,
