Cluster, Core Distance
0,0.559838,
2,0.353319,
3,0.3537,
