Cluster, Core Distance
0,0.489142,
2,0.318596,
3,0.318532,
