Cluster, Core Distance
0,0.831511,
2,0.702137,
4,0.68415,
7,0.692962,
8,0.667131,
10,0.661769,
13,0.585293,
14,0.654049,
17,0.587281,
18,0.459732,
19,0.472737,
