Cluster, Core Distance
0,0.544847,
2,0.452271,
3,0.46281,
4,0.299162,
5,0.298773,
