Cluster, Core Distance
0,0.598547,
2,0.486152,
3,0.48575,
6,0.470504,
8,0.456028,
9,0.483883,
10,0.555998,
11,0.400879,
