Cluster, Core Distance
0,0.507322,
2,0.319388,
3,0.319782,
