Cluster, Core Distance
0,1.17964,
4,1.17964,
5,1.13146,
7,1.04159,
10,1.06233,
12,1.1516,
13,1.11778,
