Cluster, Core Distance
0,0.628546,
2,0.617132,
3,0.486196,
4,0.463291,
5,0.612864,
