Cluster, Core Distance
0,0.558991,
2,0.235025,
3,0.245694,
