Cluster, Core Distance
0,0.639401,
2,0.592939,
3,0.502156,
