Cluster, Core Distance
0,0.44476,
3,0.292047,
4,0.268254,
5,0.275492,
