Cluster, Core Distance
0,0.758597,
2,0.454002,
4,0.42607,
6,0.423309,
7,0.41153,
