Cluster, Core Distance
0,0.583449,
2,0.423363,
3,0.421856,
