Cluster, Core Distance
0,0.667326,
2,0.501212,
3,0.5008,
8,0.530234,
11,0.5219,
13,0.61489,
14,0.587278,
15,0.51791,
18,0.500479,
21,0.528203,
22,0.577649,
24,0.504186,
25,0.482452,
27,0.566361,
28,0.549814,
30,0.508297,
32,0.483412,
33,0.535899,
34,0.510209,
35,0.606385,
