Cluster, Core Distance
0,0.643257,
2,0.524397,
3,0.523334,
