Cluster, Core Distance
0,0.518145,
2,0.322465,
3,0.322545,
