Cluster, Core Distance
0,0.632705,
2,0.490555,
3,0.490207,
