Cluster, Core Distance
0,0.569638,
2,0.40588,
3,0.407967,
