Cluster, Core Distance
0,0.801624,
2,0.513831,
3,0.508073,
