Cluster, Core Distance
0,0.477672,
2,0.321285,
4,0.276005,
5,0.420559,
7,0.315522,
8,0.298744,
10,0.278616,
12,0.279874,
15,0.282387,
16,0.285319,
18,0.278423,
20,0.276022,
21,0.275902,
