Cluster, Core Distance
0,0.71727,
2,0.55442,
3,0.550148,
