Cluster, Core Distance
0,0.444776,
2,0.30397,
3,0.303955,
