Cluster, Core Distance
0,0.592659,
2,0.305088,
3,0.305258,
