Cluster, Core Distance
0,0.542522,
2,0.338041,
3,0.337756,
