Cluster, Core Distance
0,0.525016,
2,0.321865,
3,0.32126,
