Cluster, Core Distance
0,0.791475,
2,0.591951,
3,0.635437,
5,0.791475,
6,0.741868,
9,0.579275,
11,0.601213,
12,0.639751,
13,0.542671,
