Cluster, Core Distance
0,0.839213,
2,0.757162,
5,0.783808,
6,0.779971,
11,0.577939,
14,0.597678,
16,0.573174,
17,0.498602,
