Cluster, Core Distance
0,0.732106,
2,0.545067,
3,0.537037,
