Cluster, Min Core Distance, Max Core Distance, Core Distance Ratio, Min Distance, Max Distance, Distance Ratio
0,0.287256,0.559394,1.94737,0.0166084,1.36459,82.1623
2,0.201324,0.287182,1.42646,0.0166084,1.36459,82.1623
3,0.166068,0.286401,1.7246,0.0166084,1.36459,82.1623
