Cluster, Core Distance
0,0.59915,
2,0.447789,
3,0.45364,
