Cluster, Core Distance
0,0.589979,
2,0.463929,
4,0.400777,
5,0.394656,
