Cluster, Core Distance
0,0.548959,
2,0.345703,
3,0.345623,
