Cluster, Core Distance
0,0.695315,
2,0.540336,
3,0.531772,
5,0.532007,
7,0.524987,
9,0.487732,
10,0.528563,
11,0.584096,
