Cluster, Core Distance
0,0.529231,
2,0.332876,
3,0.332897,
