Cluster, Core Distance
0,0.727688,
2,0.566523,
3,0.535831,
