Cluster, Core Distance
0,0.734127,
2,0.516817,
3,0.497072,
6,0.403672,
7,0.386796,
8,0.618561,
9,0.614533,
