Cluster, Core Distance
0,0.573525,
2,0.359299,
3,0.359077,
