Cluster, Core Distance
0,0.741853,
2,0.50702,
3,0.501193,
