Cluster, Core Distance
0,0.666019,
2,0.500031,
3,0.501693,
