Cluster, Core Distance
0,0.741827,
2,0.696277,
3,0.594214,
4,0.694861,
6,0.519298,
7,0.696187,
