Cluster, Core Distance
0,0.503531,
2,0.270858,
3,0.270971,
