Cluster, Min Core Distance, Max Core Distance, Core Distance Ratio, Min Distance, Max Distance, Distance Ratio
0,0.617242,0.931275,1.50877,0.0346898,1.32449,38.1809
2,0.325179,0.609497,1.87434,0.0346898,1.35427,39.0395
3,0.367161,0.562537,1.53213,0.0346898,1.32449,38.1809
