Cluster, Core Distance
0,0.481147,
2,0.308671,
3,0.306068,
