Cluster, Min Core Distance, Max Core Distance, Core Distance Ratio, Min Distance, Max Distance, Distance Ratio
0,0.298256,0.479523,1.60776,0.0283804,1.28019,45.1082
2,0.128497,0.308726,2.40259,0.0277734,1.36205,49.0414
3,0.247865,0.306068,1.23482,0.116808,0.923283,7.90431
