Cluster, Core Distance
0,0.662957,
2,0.502821,
3,0.502699,
