Cluster, Core Distance
0,0.795641,
2,0.594584,
3,0.58615,
