Cluster, Core Distance
0,0.725713,
2,0.55395,
3,0.566108,
