Cluster, Core Distance
0,0.482765,
2,0.323442,
4,0.324531,
7,0.362632,
8,0.314371,
10,0.291272,
11,0.298617,
14,0.361011,
15,0.290691,
17,0.289824,
18,0.292765,
19,0.355204,
21,0.308978,
22,0.188866,
23,0.298431,
24,0.356548,
25,0.26601,
26,0.299327,
27,0.292115,
28,0.325569,
30,0.19581,
31,0.355276,
32,0.279502,
34,0.376069,
35,0.311411,
36,0.301712,
38,0.349875,
41,0.278183,
42,0.272063,
43,0.391159,
75,0.224013,
88,0.228537,
89,0.248517,
