Cluster, Core Distance
0,0.515668,
2,0.319205,
3,0.282412,
4,0.515668,
5,0.477719,
