Cluster, Core Distance
0,0.655691,
2,0.508974,
3,0.536534,
