Cluster, Core Distance
0,0.544984,
2,0.34088,
3,0.341131,
