Cluster, Min Core Distance, Max Core Distance, Core Distance Ratio, Min Distance, Max Distance, Distance Ratio
0,0.294388,0.679315,2.30755,0.0994436,1.15443,11.6089
2,0.145334,0.318869,2.19404,0.00770718,1.37124,177.918
4,0.190794,0.247465,1.29703,0.187007,0.369835,1.97765
5,0.199954,0.288547,1.44307,0.172311,0.48375,2.80742
