Cluster, Core Distance
0,0.42658,
2,0.280443,
4,0.257936,
5,0.262977,
