Cluster, Core Distance
0,0.703333,
2,0.549623,
3,0.547445,
