Cluster, Core Distance
0,0.539138,
2,0.338094,
3,0.338001,
