Cluster, Core Distance
0,1.18541,
4,1.18541,
5,1.13897,
7,1.08221,
10,1.07323,
12,1.15334,
13,1.12557,
