Cluster, Core Distance
0,0.69356,
2,0.63042,
3,0.628955,
