Cluster, Core Distance
0,0.516203,
2,0.324115,
3,0.282853,
4,0.516203,
5,0.491474,
