Cluster, Core Distance
0,0.803578,
2,0.705196,
3,0.627022,
