Cluster, Core Distance
0,0.619141,
2,0.555767,
3,0.489288,
4,0.429679,
6,0.559164,
7,0.519397,
