Cluster, Min Core Distance, Max Core Distance, Core Distance Ratio, Min Distance, Max Distance, Distance Ratio
0,0.291081,0.789603,2.71265,0.0223599,1.38505,61.9436
2,0.143907,0.369189,2.56548,0.0581396,1.24124,21.3492
5,0.256828,0.331812,1.29196,0.115415,0.481956,4.17585
7,0.257418,0.317662,1.23403,0.0581396,0.827967,14.241
8,0.154293,0.317373,2.05695,0.0223599,1.38505,61.9436
9,0.275742,0.311322,1.12903,0.115415,0.399766,3.46373
