Cluster, Core Distance
0,0.543119,
2,0.285017,
3,0.285041,
