Cluster, Core Distance
0,0.721969,
2,0.573561,
3,0.577966,
5,0.583999,
7,0.721969,
9,0.623969,
10,0.585558,
11,0.598583,
