Cluster, Core Distance
0,0.649015,
2,0.485168,
3,0.481551,
4,0.38514,
6,0.501822,
7,0.441635,
