Cluster, Core Distance
0,0.753396,
2,0.577728,
3,0.58321,
