Cluster, Core Distance
0,0.823429,
2,0.604071,
3,0.647876,
5,0.634492,
6,0.497668,
9,0.765922,
10,0.823429,
11,0.607652,
