Cluster, Core Distance
0,0.516203,
2,0.281332,
3,0.282853,
