Cluster, Core Distance
0,0.719387,
2,0.55015,
3,0.544825,
