Cluster, Core Distance
0,0.569771,
2,0.360637,
3,0.382901,
7,0.469177,
9,0.37547,
12,0.431859,
14,0.346882,
16,0.360681,
18,0.325376,
19,0.440843,
20,0.380182,
21,0.415067,
30,0.388768,
31,0.401499,
