Cluster, Core Distance
0,0.814278,
2,0.73056,
3,0.633296,
