Cluster, Core Distance
0,0.558378,
2,0.355486,
3,0.355372,
