Cluster, Core Distance
0,0.773697,
2,0.539559,
3,0.700236,
