Cluster, Min Core Distance, Max Core Distance, Core Distance Ratio, Min Distance, Max Distance, Distance Ratio
0,0.298041,0.553661,1.85767,0.0277734,1.31113,47.2083
3,0.198158,0.300338,1.51565,0.0798406,1.13797,14.253
4,0.150573,0.298035,1.97934,0.0283804,1.29551,45.648
5,0.189974,0.297351,1.56522,0.0798406,1.13797,14.253
