Cluster, Core Distance
0,0.802215,
2,0.539294,
3,0.54333,
