Cluster, Core Distance
0,1.06124,
4,1.06124,
5,1.02122,
7,0.872222,
10,0.828271,
12,0.806216,
13,0.820873,
