Cluster, Core Distance
0,0.520228,
3,0.315859,
5,0.295947,
6,0.305191,
7,0.304869,
