Cluster, Core Distance
0,0.493573,
3,0.290399,
4,0.285236,
9,0.284598,
10,0.22943,
11,0.293979,
13,0.288852,
14,0.269599,
15,0.289071,
