Cluster, Min Core Distance, Max Core Distance, Core Distance Ratio, Min Distance, Max Distance, Distance Ratio
0,0.299205,0.556829,1.86103,0.0277734,1.31113,47.2083
3,0.199086,0.299746,1.50561,0.0798406,1.13797,14.253
4,0.151562,0.299202,1.97412,0.0283804,1.29551,45.648
5,0.191814,0.298773,1.55762,0.0798406,1.13797,14.253
