Cluster, Core Distance
0,0.544847,
3,0.299965,
4,0.299162,
5,0.298773,
