Cluster, Core Distance
0,0.731938,
2,0.497521,
3,0.495251,
