Cluster, Core Distance
0,0.661924,
2,0.539778,
3,0.606843,
