Cluster, Core Distance
0,0.689597,
2,0.567255,
3,0.562538,
