Cluster, Core Distance
0,0.721969,
2,0.573561,
3,0.574224,
