Cluster, Core Distance
0,0.645732,
2,0.480461,
3,0.48104,
