Cluster, Core Distance
0,0.578048,
2,0.475399,
3,0.36646,
