Cluster, Core Distance
0,0.713807,
2,0.550313,
3,0.550771,
