Cluster, Core Distance
0,0.498022,
2,0.319287,
3,0.318245,
