Cluster, Core Distance
0,0.438556,
2,0.322022,
3,0.341193,
