Cluster, Core Distance
0,0.559634,
2,0.352193,
3,0.351835,
