Cluster, Core Distance
0,0.687196,
2,0.527125,
3,0.530051,
4,0.562925,
6,0.478087,
7,0.600004,
