Cluster, Core Distance
0,0.702142,
2,0.497136,
3,0.496069,
4,0.501263,
6,0.517327,
9,0.513065,
10,0.423744,
11,0.586787,
