Cluster, Core Distance
0,0.784409,
2,0.489966,
3,0.495849,
