Cluster, Core Distance
0,0.693616,
2,0.525881,
3,0.522943,
5,0.525881,
9,0.511115,
10,0.469866,
11,0.580629,
12,0.521402,
13,0.55771,
