Cluster, Core Distance
0,0.664061,
2,0.594523,
3,0.513106,
