Cluster, Core Distance
0,0.716474,
2,0.552158,
3,0.55771,
