Cluster, Core Distance
0,0.445774,
2,0.320947,
3,0.314611,
5,0.319139,
6,0.356551,
11,0.386638,
12,0.354254,
16,0.324495,
17,0.404395,
18,0.377968,
21,0.409206,
24,0.341062,
25,0.350451,
27,0.339771,
29,0.322708,
31,0.338829,
34,0.413534,
35,0.342814,
36,0.320814,
37,0.383659,
