Cluster, Core Distance
0,0.715586,
2,0.563173,
3,0.569777,
5,0.618224,
6,0.601599,
8,0.501012,
9,0.621332,
10,0.633525,
12,0.489763,
14,0.554791,
15,0.577246,
