Cluster, Core Distance
0,0.609347,
2,0.464859,
3,0.46484,
4,0.357316,
6,0.381881,
7,0.384427,
