Cluster, Core Distance
0,0.629764,
2,0.463228,
3,0.456233,
