Cluster, Core Distance
0,0.509014,
2,0.363413,
3,0.275781,
4,0.509014,
5,0.376892,
