Cluster, Core Distance
0,0.482959,
2,0.313112,
3,0.461399,
