Cluster, Core Distance
0,0.698175,
2,0.556264,
3,0.556966,
