Cluster, Core Distance
0,0.596978,
2,0.596978,
3,0.253706,
