Cluster, Core Distance
0,0.764702,
2,0.589621,
3,0.597172,
