Cluster, Core Distance
0,0.777068,
2,0.614247,
4,0.616566,
5,0.725998,
