Cluster, Min Core Distance, Max Core Distance, Core Distance Ratio, Min Distance, Max Distance, Distance Ratio
0,0.366068,0.743215,2.03027,0.0765173,1.21895,15.9304
2,0.0835056,0.372662,4.46271,0.0302226,1.36163,45.0533
3,0.338732,0.366165,1.08099,0.431401,0.486796,1.12841
