Cluster, Core Distance
0,0.671705,
2,0.501132,
3,0.501241,
