Cluster, Core Distance
0,0.684193,
2,0.51831,
3,0.617337,
4,0.658092,
5,0.530294,
