Cluster, Core Distance
0,0.57404,
2,0.475221,
3,0.361314,
