Cluster, Core Distance
0,0.810238,
2,0.567315,
3,0.637871,
6,0.662963,
7,0.62796,
10,0.594417,
11,0.663285,
