Cluster, Core Distance
0,0.59141,
2,0.394739,
3,0.59141,
