Cluster, Core Distance
0,0.522838,
2,0.329401,
3,0.329739,
