Cluster, Core Distance
0,0.58379,
2,0.498207,
3,0.498698,
