Cluster, Core Distance
0,0.915863,
2,0.566768,
3,0.588202,
