Cluster, Min Core Distance, Max Core Distance, Core Distance Ratio, Min Distance, Max Distance, Distance Ratio
0,0.35565,0.698551,1.96415,0.0994436,1.39442,14.0222
2,0.181807,0.355633,1.9561,0.00770718,1.39442,180.924
3,0.30521,0.355425,1.16453,0.172722,0.579591,3.35562
