Cluster, Core Distance
0,0.651953,
2,0.489195,
3,0.488957,
4,0.291725,
5,0.480168,
