Cluster, Min Core Distance, Max Core Distance, Core Distance Ratio, Min Distance, Max Distance, Distance Ratio
0,0.460423,0.665615,1.44566,0.252662,0.634266,2.51033
2,0.197766,0.45972,2.32456,0.0751258,1.34409,17.8912
3,0.333437,0.419623,1.25848,0.432535,0.490016,1.13289
