Cluster, Min Core Distance, Max Core Distance, Core Distance Ratio, Min Distance, Max Distance, Distance Ratio
0,0.268865,0.661884,2.46177,0.0109981,1.28347,116.699
6,0.236427,0.287795,1.21727,0.142243,0.678498,4.77001
7,0.28126,0.294969,1.04874,0.142243,0.660901,4.6463
8,0.214734,0.284336,1.32413,0.142243,0.660901,4.6463
9,0.248849,0.286513,1.15135,0.142243,0.467746,3.28837
10,0.122574,0.269781,2.20096,0.082048,0.709994,8.6534
11,0.198123,0.269949,1.36253,0.082048,1.19855,14.6079
