Cluster, Core Distance
0,0.497558,
2,0.329496,
4,0.324541,
6,0.307967,
8,0.284023,
9,0.284158,
