Cluster, Core Distance
0,0.663312,
2,0.499538,
3,0.501693,
