Cluster, Core Distance
0,0.569448,
2,0.359363,
3,0.359337,
