Cluster, Core Distance
0,0.573384,
2,0.474178,
3,0.362008,
