Cluster, Core Distance
0,0.887383,
2,0.55024,
3,0.592975,
