Cluster, Core Distance
0,0.700431,
2,0.559197,
3,0.565866,
