Cluster, Core Distance
0,0.508447,
2,0.371391,
3,0.273147,
4,0.508447,
5,0.481898,
