Cluster, Core Distance
0,0.617326,
3,0.440536,
4,0.35766,
5,0.392882,
