Cluster, Core Distance
0,0.618782,
2,0.233615,
3,0.233584,
