Cluster, Core Distance
0,0.672714,
2,0.501311,
3,0.501753,
