Cluster, Core Distance
0,0.695285,
2,0.55537,
3,0.49824,
