Cluster, Core Distance
0,0.749506,
2,0.559972,
3,0.553175,
