Cluster, Core Distance
0,0.776646,
2,0.689229,
3,0.693977,
