Cluster, Core Distance
0,0.501708,
3,0.314361,
4,0.310851,
8,0.231563,
9,0.294388,
10,0.285365,
11,0.290838,
