Cluster, Core Distance
0,0.672485,
2,0.499497,
3,0.497134,
