Cluster, Core Distance
0,0.613709,
2,0.585531,
3,0.505937,
