Cluster, Core Distance
0,0.695225,
2,0.498673,
3,0.505171,
4,0.335822,
6,0.500103,
8,0.428426,
9,0.448253,
