Cluster, Core Distance
0,0.524888,
2,0.28377,
3,0.284053,
