Cluster, Min Core Distance, Max Core Distance, Core Distance Ratio, Min Distance, Max Distance, Distance Ratio
0,0.369571,0.73319,1.9839,0.0299742,1.38775,46.2982
2,0.162688,0.368944,2.26779,0.0299742,1.33558,44.5575
3,0.149059,0.368909,2.47492,0.0299742,1.36819,45.6455
