Cluster, Core Distance
0,0.549742,
2,0.343118,
3,0.343306,
