Cluster, Core Distance
0,0.559634,
2,0.502684,
3,0.438445,
