Cluster, Core Distance
0,0.548609,
3,0.305161,
4,0.304253,
5,0.300921,
