Cluster, Core Distance
0,0.530166,
2,0.351469,
3,0.459881,
