Cluster, Core Distance
0,0.501206,
2,0.342567,
3,0.444613,
5,0.284621,
6,0.280218,
8,0.280201,
9,0.279882,
