Cluster, Core Distance
0,0.684193,
2,0.51831,
3,0.520798,
