Cluster, Core Distance
0,0.719219,
2,0.566372,
3,0.581553,
