Cluster, Core Distance
0,0.693739,
2,0.544986,
3,0.52784,
