Cluster, Core Distance
0,0.619735,
2,0.490658,
3,0.580403,
6,0.475228,
8,0.463495,
9,0.452588,
12,0.375658,
13,0.40327,
