Cluster, Core Distance
0,0.642346,
2,0.461853,
3,0.471473,
4,0.472223,
5,0.476782,
6,0.286954,
7,0.480555,
