Cluster, Core Distance
0,1.11153,
4,1.11153,
5,1.04449,
7,0.903968,
10,0.904234,
12,0.844036,
13,0.875181,
