Cluster, Core Distance
0,0.649015,
2,0.485168,
3,0.481551,
