Cluster, Core Distance
0,0.675369,
2,0.516982,
3,0.519307,
4,0.553554,
5,0.576453,
