Cluster, Core Distance
0,0.735702,
2,0.57162,
3,0.5648,
