Cluster, Core Distance
0,0.4205,
2,0.296274,
3,0.380035,
4,0.305098,
6,0.316305,
7,0.325293,
