Cluster, Core Distance
0,0.639351,
2,0.476009,
3,0.470564,
