Cluster, Core Distance
0,0.851175,
4,0.800588,
5,0.851175,
7,0.763318,
10,0.598241,
12,0.65541,
13,0.496645,
