Cluster, Core Distance
0,0.484247,
2,0.32654,
3,0.327184,
