Cluster, Core Distance
0,0.925586,
3,0.627608,
4,0.678095,
5,0.718565,
