Cluster, Core Distance
0,0.520618,
2,0.313972,
3,0.313257,
