Cluster, Core Distance
0,0.734127,
2,0.494719,
3,0.497072,
