Cluster, Core Distance
0,0.496754,
2,0.319122,
3,0.443386,
5,0.284718,
7,0.277445,
8,0.27847,
9,0.278255,
