Cluster, Core Distance
0,0.724178,
2,0.564692,
3,0.570024,
