Cluster, Core Distance
0,0.700431,
2,0.644855,
3,0.565866,
