Cluster, Core Distance
0,0.792498,
2,0.736792,
3,0.640056,
5,0.771016,
6,0.64909,
7,0.736619,
