Cluster, Core Distance
0,0.724054,
2,0.555879,
3,0.55334,
