Cluster, Core Distance
0,0.629764,
2,0.463228,
3,0.456233,
4,0.385476,
6,0.334635,
7,0.463228,
