Cluster, Core Distance
0,0.635276,
2,0.473687,
3,0.469115,
4,0.394188,
6,0.339043,
7,0.404983,
