Cluster, Core Distance
0,0.618325,
2,0.496937,
3,0.496024,
