Cluster, Core Distance
0,0.592659,
2,0.398065,
3,0.592659,
