Cluster, Core Distance
0,0.726983,
2,0.565189,
3,0.564165,
