Cluster, Core Distance
0,0.589288,
2,0.445176,
3,0.448637,
