Cluster, Core Distance
0,0.574553,
2,0.568704,
3,0.447087,
