Cluster, Core Distance
0,0.766471,
2,0.486214,
4,0.494019,
5,0.521679,
6,0.505462,
7,0.591279,
