Cluster, Core Distance
0,0.619141,
2,0.493963,
3,0.489288,
