Cluster, Core Distance
0,0.550826,
2,0.346095,
3,0.346391,
