Cluster, Core Distance
0,0.507697,
2,0.36226,
3,0.272958,
4,0.507697,
5,0.365333,
