Cluster, Core Distance
0,0.595613,
2,0.308068,
3,0.309061,
