Cluster, Core Distance
0,0.721649,
2,0.55637,
3,0.594963,
5,0.55149,
6,0.653582,
8,0.650046,
10,0.63642,
11,0.629368,
