Cluster, Min Core Distance, Max Core Distance, Core Distance Ratio, Min Distance, Max Distance, Distance Ratio
0,0.479373,0.689539,1.43842,0.324645,0.689471,2.12377
2,0.247431,0.477791,1.93101,0.0341312,1.36696,40.0503
3,0.43917,0.468801,1.06747,0.377422,0.396681,1.05103
