Cluster, Core Distance
0,0.666511,
2,0.493519,
3,0.494999,
4,0.358359,
6,0.427067,
7,0.55336,
