Cluster, Core Distance
0,0.416364,
2,0.312771,
4,0.308145,
5,0.3002,
