Cluster, Min Core Distance, Max Core Distance, Core Distance Ratio, Min Distance, Max Distance, Distance Ratio
0,0.368779,0.642792,1.74303,0.11004,0.698091,6.34397
3,0.43917,0.468801,1.06747,0.222715,0.248447,1.11554
5,0.247431,0.324901,1.3131,0.222715,0.366212,1.64431
6,0.130776,0.378385,2.89337,0.00770718,1.39442,180.924
7,0.315306,0.337028,1.06889,0.222715,0.248447,1.11554
