Cluster, Core Distance
0,0.768901,
2,0.590136,
3,0.606908,
