Cluster, Core Distance
0,1.08683,
4,1.08683,
5,1.02514,
7,0.886692,
10,0.842143,
12,0.83494,
13,0.823588,
