Cluster, Core Distance
0,1.05674,
4,1.05674,
5,0.982921,
7,0.866725,
10,0.819421,
12,0.757583,
13,0.812793,
