Cluster, Core Distance
0,0.481359,
2,0.31582,
3,0.316668,
