Cluster, Core Distance
0,0.593426,
2,0.484851,
3,0.484763,
