Cluster, Core Distance
0,0.638127,
2,0.49429,
3,0.494794,
