Cluster, Core Distance
0,0.611731,
2,0.45995,
4,0.411413,
5,0.412287,
