Cluster, Core Distance
0,0.801624,
2,0.540944,
3,0.508073,
6,0.631864,
7,0.552854,
8,0.4872,
9,0.607463,
