Cluster, Core Distance
0,0.617326,
3,0.588348,
4,0.489521,
5,0.568602,
