Cluster, Core Distance
0,0.570025,
2,0.335394,
3,0.564972,
