Cluster, Core Distance
0,0.764636,
2,0.573632,
3,0.565571,
