Cluster, Min Core Distance, Max Core Distance, Core Distance Ratio, Min Distance, Max Distance, Distance Ratio
0,0.291593,0.794581,2.72497,0.0223599,1.38505,61.9436
2,0.147294,0.37057,2.51584,0.0581396,1.19412,20.5388
4,0.264755,0.333023,1.25785,0.115415,0.481956,4.17585
6,0.169909,0.325429,1.91531,0.0223599,1.38505,61.9436
7,0.26449,0.325139,1.22931,0.0581396,0.740575,12.7379
