Cluster, Core Distance
0,0.615613,
2,0.612026,
3,0.322719,
