Cluster, Core Distance
0,0.627105,
2,0.601837,
3,0.546545,
