Cluster, Core Distance
0,0.851346,
2,0.76612,
5,0.808657,
6,0.786461,
11,0.59027,
14,0.603905,
16,0.603999,
17,0.511545,
