Cluster, Core Distance
0,0.469845,
2,0.318825,
3,0.418706,
