Cluster, Core Distance
0,0.730873,
2,0.570186,
3,0.570308,
