Cluster, Core Distance
0,0.657784,
2,0.523169,
3,0.524192,
4,0.552086,
8,0.553754,
10,0.563247,
11,0.501656,
13,0.555164,
14,0.504309,
15,0.552878,
16,0.495037,
17,0.543001,
