Cluster, Core Distance
0,0.550548,
3,0.317797,
4,0.308967,
5,0.307313,
