Cluster, Core Distance
0,0.581095,
2,0.363948,
3,0.363483,
