Cluster, Core Distance
0,0.506356,
2,0.35681,
3,0.271036,
4,0.506356,
5,0.310891,
