Cluster, Core Distance
0,0.563051,
2,0.358445,
3,0.358278,
