Cluster, Core Distance
0,0.693616,
2,0.525881,
3,0.522943,
