Cluster, Core Distance
0,0.569899,
2,0.344163,
3,0.560938,
