Cluster, Core Distance
0,0.527012,
2,0.464,
3,0.323969,
