Cluster, Core Distance
0,0.553191,
2,0.338514,
3,0.337163,
