Cluster, Core Distance
0,0.753396,
2,0.577728,
3,0.591116,
5,0.594778,
7,0.753396,
9,0.631146,
10,0.613585,
11,0.60454,
