Cluster, Core Distance
0,0.775833,
2,0.59353,
3,0.751629,
