Cluster, Core Distance
0,0.537545,
2,0.473169,
3,0.443837,
