Cluster, Core Distance
0,0.645221,
2,0.489901,
3,0.490666,
