Cluster, Core Distance
0,0.760143,
2,0.576285,
3,0.576433,
