Cluster, Core Distance
0,0.698284,
2,0.544745,
3,0.528356,
