Cluster, Core Distance
0,0.540953,
2,0.33509,
3,0.33411,
