Cluster, Core Distance
0,0.850347,
2,0.753606,
3,0.746896,
