Cluster, Core Distance
0,0.580917,
2,0.30299,
3,0.303023,
