Cluster, Core Distance
0,0.781759,
2,0.733784,
3,0.636258,
4,0.647124,
6,0.760856,
7,0.730377,
