Cluster, Core Distance
0,0.547519,
2,0.3259,
3,0.468992,
4,0.3021,
5,0.300457,
