Cluster, Core Distance
0,0.893235,
2,0.781444,
4,0.72493,
7,0.79775,
8,0.716514,
10,0.718945,
13,0.614872,
14,0.703371,
17,0.670651,
18,0.533388,
19,0.552481,
