Cluster, Core Distance
0,0.443778,
2,0.402608,
3,0.358297,
