Cluster, Core Distance
0,0.490939,
2,0.416797,
3,0.356039,
