Cluster, Min Core Distance, Max Core Distance, Core Distance Ratio, Min Distance, Max Distance, Distance Ratio
0,0.366068,0.743215,2.03027,0.0765173,1.15241,15.0607
2,0.0542177,0.372662,6.87343,0.0260655,1.37416,52.7195
3,0.338732,0.366165,1.08099,0.431401,0.486796,1.12841
