Cluster, Core Distance
0,0.702142,
2,0.497136,
3,0.496069,
