Cluster, Core Distance
0,0.693106,
2,0.542361,
3,0.568295,
5,0.58109,
6,0.618403,
8,0.498665,
9,0.617219,
