Cluster, Core Distance
0,0.677713,
2,0.502671,
3,0.502607,
