Cluster, Core Distance
0,0.570394,
2,0.469745,
3,0.486347,
4,0.452536,
6,0.412228,
8,0.515249,
10,0.46286,
11,0.496839,
