Cluster, Core Distance
0,0.550661,
2,0.397498,
3,0.471418,
4,0.310667,
5,0.306127,
