Cluster, Core Distance
0,0.578671,
2,0.365869,
3,0.365364,
