Cluster, Core Distance
0,0.927059,
3,0.628563,
4,0.738881,
5,0.765288,
