Cluster, Core Distance
0,0.563051,
2,0.512912,
3,0.436484,
