Cluster, Core Distance
0,0.773877,
2,0.609864,
4,0.612023,
5,0.708036,
