Cluster, Core Distance
0,0.640987,
2,0.505909,
3,0.499301,
5,0.459629,
7,0.530575,
8,0.626938,
9,0.597256,
