Cluster, Core Distance
0,0.782005,
2,0.458578,
4,0.471084,
5,0.4644,
