Cluster, Core Distance
0,0.648549,
2,0.577942,
3,0.591455,
