Cluster, Core Distance
0,0.578257,
2,0.421389,
3,0.421674,
4,0.288951,
5,0.343539,
