Cluster, Core Distance
0,0.56578,
2,0.423097,
3,0.559042,
