Cluster, Core Distance
0,0.523401,
2,0.319447,
3,0.319176,
