Cluster, Core Distance
0,0.68124,
2,0.565424,
3,0.562366,
