Cluster, Core Distance
0,0.556617,
2,0.278891,
3,0.245687,
4,0.2477,
6,0.274736,
8,0.271693,
10,0.376509,
11,0.274243,
