Cluster, Core Distance
0,0.583449,
2,0.423363,
3,0.421856,
4,0.367402,
6,0.349097,
7,0.35418,
