Cluster, Core Distance
0,0.946506,
4,0.946506,
5,0.939005,
7,0.817033,
10,0.812585,
12,0.723124,
13,0.631651,
