Cluster, Core Distance
0,0.800584,
2,0.747525,
5,0.756737,
6,0.777344,
11,0.567839,
14,0.594404,
16,0.560852,
17,0.495894,
