Cluster, Core Distance
0,0.792498,
2,0.63967,
3,0.640056,
