Cluster, Core Distance
0,0.915352,
2,0.548578,
3,0.571708,
