Cluster, Core Distance
0,0.784409,
2,0.489966,
3,0.608915,
6,0.483564,
7,0.555787,
