Cluster, Core Distance
0,0.75758,
2,0.43302,
4,0.429761,
7,0.255485,
8,0.410561,
10,0.384986,
13,0.401471,
14,0.281869,
17,0.350428,
18,0.172512,
19,0.225035,
