Cluster, Core Distance
0,0.923981,
2,0.60205,
3,0.602092,
