Cluster, Min Core Distance, Max Core Distance, Core Distance Ratio, Min Distance, Max Distance, Distance Ratio
0,0.383399,0.595928,1.55433,0.0913031,1.31419,14.3936
2,0.251691,0.410299,1.63017,0.253984,0.474403,1.86785
4,0.120311,0.402463,3.34518,0.0467041,1.39739,29.92
5,0.348533,0.395269,1.13409,0.253984,0.31018,1.22126
