Cluster, Core Distance
0,0.647301,
2,0.502951,
3,0.558497,
4,0.54643,
7,0.579356,
8,0.437253,
9,0.520541,
