Cluster, Core Distance
0,0.554259,
2,0.343879,
3,0.481627,
4,0.316718,
5,0.315182,
