Cluster, Core Distance
0,0.668322,
2,0.488182,
3,0.493683,
4,0.433545,
6,0.562592,
8,0.416908,
9,0.391331,
