Cluster, Core Distance
0,0.685305,
3,0.461935,
4,0.370703,
5,0.39458,
