Cluster, Core Distance
0,0.468892,
2,0.316291,
3,0.316537,
