Cluster, Core Distance
0,0.916059,
2,0.578976,
3,0.59115,
