Cluster, Core Distance
0,0.690771,
2,0.554223,
3,0.659444,
