Cluster, Core Distance
0,0.745855,
2,0.632036,
3,0.568275,
4,0.70457,
10,0.601464,
11,0.598956,
14,0.682926,
15,0.598855,
16,0.542835,
17,0.606047,
18,0.546008,
19,0.620564,
