Cluster, Core Distance
0,0.575701,
2,0.301929,
3,0.302027,
