Cluster, Core Distance
0,0.506001,
2,0.298726,
3,0.27103,
4,0.506001,
5,0.364826,
