Cluster, Core Distance
0,0.623487,
2,0.488266,
3,0.489148,
7,0.573371,
8,0.478851,
9,0.415231,
11,0.431722,
12,0.401385,
13,0.467353,
14,0.446872,
15,0.444399,
