Cluster, Core Distance
0,0.580917,
2,0.448882,
3,0.580917,
