Cluster, Core Distance
0,0.625568,
2,0.529486,
3,0.51255,
4,0.42794,
5,0.591424,
