Cluster, Core Distance
0,0.733249,
2,0.613947,
3,0.491526,
6,0.519939,
7,0.31908,
8,0.559901,
9,0.518049,
