Cluster, Core Distance
0,0.66482,
2,0.486985,
3,0.487373,
4,0.419965,
6,0.553305,
7,0.486985,
