Cluster, Core Distance
0,0.588674,
2,0.456384,
4,0.411413,
5,0.38566,
