Cluster, Min Core Distance, Max Core Distance, Core Distance Ratio, Min Distance, Max Distance, Distance Ratio
0,0.361125,0.719352,1.99197,0.0286804,1.35255,47.1595
2,0.175859,0.359549,2.04453,0.0286804,1.25805,43.8646
3,0.185579,0.360035,1.94006,0.0286804,1.37729,48.0222
