Cluster, Min Core Distance, Max Core Distance, Core Distance Ratio, Min Distance, Max Distance, Distance Ratio
0,0.327023,0.519827,1.58957,0.0283804,1.28019,45.1082
2,0.142512,0.327005,2.29459,0.0277734,1.33583,48.0975
3,0.285248,0.326816,1.14573,0.129859,0.918004,7.06922
