Cluster, Core Distance
0,1.20231,
4,1.20231,
5,1.17073,
7,1.11773,
10,1.087,
12,1.17073,
13,1.16103,
