Cluster, Core Distance
0,0.470722,
2,0.316584,
3,0.316255,
