Cluster, Core Distance
0,0.443778,
2,0.297825,
3,0.297916,
