Cluster, Core Distance
0,0.884643,
2,0.580516,
3,0.528981,
