Cluster, Min Core Distance, Max Core Distance, Core Distance Ratio, Min Distance, Max Distance, Distance Ratio
0,0.243773,0.526685,2.16056,0.0116863,1.41018,120.67
3,0.0463423,0.253683,5.47411,0.15912,0.904993,5.6875
4,0.193668,0.247266,1.27675,0.0551788,1.22889,22.2711
5,0.078939,0.246953,3.12841,0.15912,0.904993,5.6875
