Cluster, Core Distance
0,0.640187,
2,0.236337,
3,0.236447,
