Cluster, Core Distance
0,0.558991,
2,0.235025,
3,0.245694,
4,0.281538,
9,0.262576,
12,0.262343,
14,0.270552,
15,0.352556,
17,0.297212,
18,0.265769,
19,0.248102,
22,0.312249,
23,0.288211,
24,0.285989,
28,0.27128,
29,0.279089,
