Cluster, Core Distance
0,0.69356,
2,0.54053,
3,0.53412,
