Cluster, Core Distance
0,0.547519,
3,0.303867,
4,0.3021,
5,0.300457,
