Cluster, Core Distance
0,0.609347,
2,0.464859,
3,0.46484,
