Cluster, Core Distance
0,0.62529,
2,0.519627,
3,0.518149,
