Cluster, Core Distance
0,0.533454,
2,0.331133,
3,0.329805,
