Cluster, Core Distance
0,0.785015,
2,0.620634,
4,0.630975,
5,0.763509,
