Cluster, Core Distance
0,0.530276,
2,0.362636,
3,0.331986,
4,0.459878,
6,0.435429,
7,0.530276,
