Cluster, Core Distance
0,0.549871,
2,0.344121,
3,0.344698,
