Cluster, Core Distance
0,0.604204,
2,0.46596,
3,0.457316,
