Cluster, Core Distance
0,0.822433,
2,0.597333,
3,0.644615,
5,0.822433,
6,0.765648,
9,0.588906,
11,0.622209,
12,0.684246,
13,0.563552,
