Cluster, Core Distance
0,0.634102,
2,0.524372,
3,0.524314,
4,0.552132,
6,0.524314,
8,0.517812,
10,0.501844,
12,0.554397,
13,0.554127,
14,0.496799,
15,0.50758,
