Cluster, Core Distance
0,0.572043,
2,0.51372,
3,0.416818,
