Cluster, Core Distance
0,0.729129,
2,0.565761,
3,0.565795,
