Cluster, Core Distance
0,0.781655,
2,0.616778,
4,0.627426,
5,0.748253,
