Cluster, Core Distance
0,0.623541,
2,0.48783,
3,0.488871,
