Cluster, Core Distance
0,0.840343,
2,0.480733,
3,0.534504,
