Cluster, Min Core Distance, Max Core Distance, Core Distance Ratio, Min Distance, Max Distance, Distance Ratio
0,0.338327,0.82638,2.44255,0.0349035,1.3405,38.406
2,0.256415,0.337207,1.31508,0.119822,1.15601,9.64777
3,0.204977,0.33939,1.65575,0.0349035,1.3405,38.406
