Cluster, Core Distance
0,0.674894,
2,0.377329,
3,0.334964,
