Cluster, Core Distance
0,0.445774,
2,0.314189,
3,0.314611,
