Cluster, Core Distance
0,0.461764,
2,0.296503,
3,0.295811,
4,0.297553,
5,0.415516,
