Cluster, Core Distance
0,0.498241,
2,0.349013,
3,0.270029,
4,0.464942,
5,0.342971,
