Cluster, Core Distance
0,0.805095,
2,0.562219,
3,0.561887,
