Cluster, Core Distance
0,0.537306,
2,0.335406,
3,0.334788,
