Cluster, Core Distance
0,0.57367,
2,0.359934,
3,0.360654,
