Cluster, Core Distance
0,0.546286,
3,0.301868,
4,0.300479,
5,0.30031,
