Cluster, Core Distance
0,0.857668,
2,0.766754,
5,0.829788,
6,0.791966,
11,0.598377,
14,0.604542,
16,0.607199,
17,0.530037,
