Cluster, Core Distance
0,0.700945,
2,0.502431,
3,0.503314,
