Cluster, Core Distance
0,0.639006,
2,0.557774,
3,0.52752,
