Cluster, Core Distance
0,0.582252,
2,0.363502,
3,0.363601,
