Cluster, Core Distance
0,0.689187,
2,0.674512,
3,0.56302,
4,0.635406,
5,0.533074,
