Cluster, Core Distance
0,0.475312,
2,0.306353,
3,0.305806,
