Cluster, Core Distance
0,0.785693,
2,0.623659,
4,0.647007,
5,0.769209,
