Cluster, Core Distance
0,0.752632,
2,0.563591,
3,0.554367,
