Cluster, Core Distance
0,1.15673,
4,1.15673,
5,1.09667,
7,1.03997,
10,1.04113,
12,1.1027,
13,1.06523,
