Cluster, Core Distance
0,0.670139,
2,0.375992,
3,0.331428,
