Cluster, Core Distance
0,1.09209,
4,1.09209,
5,1.04159,
7,0.896385,
10,0.843493,
12,0.843493,
13,0.833817,
