Cluster, Core Distance
0,0.560115,
2,0.35995,
3,0.360099,
