Cluster, Core Distance
0,0.481879,
2,0.312199,
3,0.314541,
