Cluster, Core Distance
0,0.618719,
2,0.511745,
3,0.509558,
