Cluster, Core Distance
0,0.641387,
2,0.514429,
3,0.586671,
