Cluster, Core Distance
0,0.641387,
2,0.496832,
3,0.499297,
