Cluster, Min Core Distance, Max Core Distance, Core Distance Ratio, Min Distance, Max Distance, Distance Ratio
0,0.383559,0.790071,2.05984,0.0256257,1.40239,54.7261
2,0.0591424,0.383213,6.4795,0.0256257,1.39512,54.4423
3,0.0697993,0.38321,5.49016,0.0256257,1.39512,54.4423
