Cluster, Core Distance
0,0.814098,
2,0.717702,
3,0.646063,
