Cluster, Core Distance
0,0.521932,
2,0.327413,
3,0.327268,
