Cluster, Core Distance
0,0.50859,
2,0.273767,
3,0.273999,
