Cluster, Core Distance
0,0.733855,
2,0.591164,
3,0.578987,
