Cluster, Core Distance
0,0.723432,
2,0.578838,
3,0.564369,
