Cluster, Core Distance
0,0.705824,
2,0.585449,
3,0.563481,
