Cluster, Core Distance
0,0.802904,
2,0.591147,
3,0.642054,
5,0.802904,
6,0.752152,
9,0.582278,
11,0.608627,
12,0.66792,
13,0.559735,
