Cluster, Core Distance
0,0.756837,
2,0.566246,
3,0.566254,
