Cluster, Core Distance
0,0.724966,
2,0.58687,
3,0.56701,
