Cluster, Core Distance
0,0.822433,
2,0.597333,
3,0.602068,
