Cluster, Core Distance
0,0.686788,
2,0.404092,
3,0.34713,
