Cluster, Core Distance
0,0.740927,
2,0.59447,
3,0.591726,
