Cluster, Core Distance
0,0.54958,
3,0.315175,
4,0.307952,
5,0.307768,
