Cluster, Min Core Distance, Max Core Distance, Core Distance Ratio, Min Distance, Max Distance, Distance Ratio
0,0.321543,0.643933,2.00264,0.0146719,1.40535,95.7857
2,0.352422,0.395637,1.12262,0.0947828,1.24454,13.1305
8,0.317906,0.380349,1.19642,0.086024,1.24454,14.4674
9,0.330838,0.380314,1.14955,0.0947828,1.24454,13.1305
10,0.2724,0.352945,1.29568,0.0947828,1.24454,13.1305
11,0.0487107,0.314384,6.45412,0.086024,1.24454,14.4674
12,0.291938,0.342258,1.17237,0.0947828,1.24454,13.1305
14,0.0652634,0.303963,4.65749,0.0454748,1.28791,28.3214
15,0.218095,0.335085,1.53641,0.086024,1.28791,14.9715
