Cluster, Core Distance
0,0.651825,
2,0.496213,
3,0.486196,
