Cluster, Core Distance
0,0.474271,
2,0.316634,
3,0.316403,
