Cluster, Min Core Distance, Max Core Distance, Core Distance Ratio, Min Distance, Max Distance, Distance Ratio
0,0.320466,0.709221,2.21309,0.0677379,1.39442,20.5855
2,0.200801,0.320425,1.59573,0.00770718,1.39442,180.924
3,0.293651,0.320327,1.09084,0.172722,0.666526,3.85894
