Cluster, Core Distance
0,0.916598,
2,0.813544,
4,0.74166,
7,0.833327,
8,0.757283,
10,0.741969,
13,0.632055,
14,0.711439,
17,0.680223,
18,0.554574,
19,0.5793,
