Cluster, Core Distance
0,0.714455,
2,0.551113,
3,0.548481,
