Cluster, Core Distance
0,0.682978,
2,0.552153,
3,0.547097,
