Cluster, Core Distance
0,0.977399,
2,0.977399,
3,0.977399,
