Cluster, Core Distance
0,0.526034,
2,0.43266,
3,0.26354,
4,0.408274,
5,0.374854,
