Cluster, Core Distance
0,0.546286,
2,0.418858,
3,0.465985,
4,0.300479,
5,0.30031,
