Cluster, Core Distance
0,0.527508,
3,0.300295,
5,0.288528,
7,0.286743,
8,0.286817,
9,0.286252,
