Cluster, Core Distance
0,0.614318,
2,0.576726,
3,0.541251,
