Cluster, Core Distance
0,0.720446,
2,0.565986,
3,0.623146,
5,0.498796,
7,0.718195,
9,0.595902,
10,0.581465,
11,0.583581,
