Cluster, Core Distance
0,0.604331,
2,0.604331,
3,0.270465,
