Cluster, Core Distance
0,0.630459,
2,0.525056,
3,0.489254,
4,0.569121,
5,0.530788,
