Cluster, Min Core Distance, Max Core Distance, Core Distance Ratio, Min Distance, Max Distance, Distance Ratio
0,0.273515,0.477771,1.74678,0.0283804,1.28019,45.1082
3,0.247692,0.302087,1.2196,0.116808,0.990586,8.4805
5,0.280241,0.30015,1.07104,0.380356,0.586861,1.54293
6,0.125469,0.300636,2.3961,0.0277734,1.33583,48.0975
7,0.228145,0.297222,1.30277,0.380356,0.586861,1.54293
