Cluster, Core Distance
0,0.469189,
3,0.302087,
4,0.291006,
5,0.284569,
