Cluster, Core Distance
0,0.669624,
2,0.549491,
3,0.538453,
