Cluster, Core Distance
0,0.802904,
2,0.591147,
3,0.591125,
