Cluster, Core Distance
0,0.779921,
2,0.615271,
4,0.626249,
5,0.741082,
