Cluster, Core Distance
0,0.561395,
2,0.286441,
3,0.286218,
