Cluster, Core Distance
0,0.680837,
2,0.556752,
3,0.554238,
4,0.537843,
6,0.520064,
7,0.601862,
9,0.584857,
10,0.527381,
12,0.486165,
13,0.600582,
