Cluster, Core Distance
0,0.648549,
2,0.515785,
3,0.516169,
