Cluster, Core Distance
0,0.733249,
2,0.491352,
3,0.491526,
