Cluster, Core Distance
0,0.726983,
2,0.565189,
3,0.564165,
4,0.574317,
6,0.569898,
8,0.673784,
12,0.645643,
13,0.613744,
15,0.597112,
16,0.530289,
17,0.552394,
