Cluster, Core Distance
0,0.604204,
2,0.505151,
3,0.480442,
