Cluster, Core Distance
0,0.576553,
2,0.365246,
3,0.364194,
