Cluster, Core Distance
0,0.814098,
2,0.636792,
3,0.646063,
