Cluster, Core Distance
0,0.662957,
2,0.502821,
3,0.546973,
4,0.572884,
7,0.593125,
8,0.438727,
9,0.554661,
