Cluster, Core Distance
0,0.743598,
2,0.550569,
3,0.564834,
