Cluster, Core Distance
0,0.747544,
2,0.568809,
3,0.571441,
