Cluster, Core Distance
0,0.54069,
2,0.40753,
4,0.331467,
5,0.325291,
