Cluster, Core Distance
0,0.490939,
2,0.329284,
3,0.308992,
