Cluster, Core Distance
0,0.434344,
2,0.339911,
3,0.382885,
