Cluster, Core Distance
0,0.744708,
2,0.488381,
3,0.496069,
