Cluster, Core Distance
0,0.702159,
2,0.546611,
3,0.536729,
