Cluster, Core Distance
0,0.572184,
2,0.515127,
3,0.407793,
