Cluster, Core Distance
0,0.685666,
2,0.400901,
3,0.346662,
