Cluster, Core Distance
0,0.55196,
2,0.34964,
3,0.348537,
