Cluster, Core Distance
0,0.772634,
2,0.580359,
3,0.575996,
