Cluster, Core Distance
0,0.968576,
2,0.968576,
3,0.955279,
