Cluster, Core Distance
0,0.684314,
2,0.497776,
3,0.504735,
4,0.4228,
6,0.43636,
8,0.575793,
9,0.445216,
