Cluster, Core Distance
0,0.668138,
2,0.542381,
3,0.527598,
