Cluster, Min Core Distance, Max Core Distance, Core Distance Ratio, Min Distance, Max Distance, Distance Ratio
0,0.371635,0.450328,1.21175,0.0463776,1.06849,23.0389
2,0.160222,0.371297,2.31739,0.0277734,1.38414,49.8371
3,0.326834,0.348438,1.0661,0.414545,0.497601,1.20035
