Cluster, Core Distance
0,0.66482,
2,0.486985,
3,0.487373,
