Cluster, Core Distance
0,0.513696,
2,0.322198,
3,0.322251,
