Cluster, Min Core Distance, Max Core Distance, Core Distance Ratio, Min Distance, Max Distance, Distance Ratio
0,0.274238,0.663109,2.418,0.0109981,1.28347,116.699
2,0.238724,0.317082,1.32824,0.142243,0.709994,4.99143
4,0.257635,0.310311,1.20446,0.142243,0.709994,4.99143
6,0.201841,0.284075,1.40742,0.082048,1.19855,14.6079
7,0.152643,0.283624,1.85809,0.082048,0.709994,8.6534
