Cluster, Core Distance
0,0.752723,
2,0.599562,
3,0.496931,
6,0.547088,
7,0.529844,
8,0.549047,
10,0.626793,
11,0.592659,
