Cluster, Core Distance
0,0.768901,
2,0.669498,
3,0.606908,
