Cluster, Min Core Distance, Max Core Distance, Core Distance Ratio, Min Distance, Max Distance, Distance Ratio
0,0.373587,0.656328,1.75683,0.0272626,1.36088,49.9177
2,0.313659,0.389352,1.24132,0.094102,1.23619,13.1367
3,0.319712,0.389355,1.21783,0.094102,0.902326,9.5888
