Cluster, Core Distance
0,0.714455,
2,0.551113,
3,0.548481,
4,0.475191,
7,0.616783,
9,0.698891,
10,0.551113,
11,0.575321,
