Cluster, Core Distance
0,0.908615,
2,0.786006,
4,0.725286,
7,0.79947,
8,0.733492,
10,0.732144,
13,0.617692,
14,0.708969,
17,0.671044,
18,0.534328,
19,0.570079,
