Cluster, Core Distance
0,0.972687,
2,0.972687,
3,0.970288,
