Cluster, Core Distance
0,0.463952,
2,0.29987,
3,0.29899,
