Cluster, Core Distance
0,0.740927,
2,0.694488,
3,0.591726,
4,0.661737,
6,0.687709,
7,0.692962,
