Cluster, Core Distance
0,0.689462,
2,0.563174,
3,0.555791,
