Cluster, Core Distance
0,0.57404,
2,0.363991,
3,0.361314,
