Cluster, Core Distance
0,0.848358,
2,0.758756,
5,0.793378,
6,0.780858,
11,0.587316,
14,0.602584,
16,0.582728,
17,0.502781,
