Cluster, Core Distance
0,0.522801,
2,0.295898,
3,0.451857,
5,0.287388,
7,0.286865,
8,0.284647,
9,0.282611,
