Cluster, Min Core Distance, Max Core Distance, Core Distance Ratio, Min Distance, Max Distance, Distance Ratio
0,0.39932,0.470862,1.17916,0.257013,1.0531,4.09745
3,0.309265,0.333891,1.07963,0.55088,0.668841,1.21413
4,0.207012,0.399214,1.92845,0.0520804,1.32123,25.3691
5,0.335097,0.393991,1.17575,0.437915,0.680147,1.55315
