Cluster, Min Core Distance, Max Core Distance, Core Distance Ratio, Min Distance, Max Distance, Distance Ratio
0,0.294858,0.596539,2.02314,0.0318451,1.3737,43.1369
4,0.260903,0.325258,1.24666,0.214243,0.723302,3.37608
6,0.172295,0.312192,1.81197,0.0925345,1.27686,13.7988
7,0.238694,0.312964,1.31115,0.0925345,1.27686,13.7988
9,0.270415,0.297813,1.10132,0.186535,0.723302,3.87758
10,0.170946,0.29594,1.73119,0.0925345,1.28342,13.8696
11,0.237707,0.295885,1.24475,0.214243,0.723302,3.37608
