Cluster, Core Distance
0,0.578257,
2,0.421389,
3,0.421674,
