Cluster, Core Distance
0,0.646714,
2,0.370411,
3,0.32043,
