Cluster, Core Distance
0,0.921975,
2,0.83167,
4,0.757601,
7,0.879112,
8,0.786303,
10,0.769759,
13,0.642905,
14,0.715887,
17,0.701067,
18,0.58476,
19,0.594138,
