Cluster, Core Distance
0,0.905013,
2,0.869667,
3,0.905013,
