Cluster, Core Distance
0,0.509014,
2,0.275634,
3,0.275781,
