Cluster, Core Distance
0,0.775337,
2,0.610375,
3,0.614227,
