Cluster, Core Distance
0,0.438556,
2,0.346955,
3,0.402662,
