Cluster, Core Distance
0,0.507322,
2,0.418815,
3,0.319782,
4,0.36804,
6,0.402361,
7,0.507322,
