Cluster, Core Distance
0,0.589288,
2,0.445176,
3,0.448637,
4,0.320999,
6,0.296849,
7,0.36328,
