Cluster, Core Distance
0,0.761331,
2,0.58483,
3,0.599394,
