Cluster, Core Distance
0,0.630052,
2,0.494169,
3,0.497245,
5,0.576791,
6,0.43471,
7,0.568383,
