Cluster, Core Distance
0,0.506356,
2,0.270391,
3,0.271036,
