Cluster, Core Distance
0,0.929619,
3,0.655142,
4,0.812624,
5,0.778982,
