Cluster, Core Distance
0,0.622437,
4,0.484119,
5,0.514594,
7,0.497668,
10,0.248167,
12,0.248048,
13,0.266466,
