Cluster, Core Distance
0,0.619735,
2,0.490658,
3,0.488613,
