Cluster, Core Distance
0,0.896532,
2,0.559196,
3,0.594168,
