Cluster, Core Distance
0,0.701768,
2,0.503283,
3,0.510209,
4,0.451295,
6,0.597904,
8,0.432093,
9,0.396758,
