Cluster, Core Distance
0,0.506001,
2,0.27074,
3,0.27103,
