Cluster, Core Distance
0,0.630052,
2,0.494169,
3,0.497245,
