Cluster, Core Distance
0,0.569899,
2,0.294949,
3,0.295571,
