Cluster, Core Distance
0,0.547793,
2,0.33808,
3,0.338102,
