Cluster, Core Distance
0,0.694123,
2,0.544289,
3,0.634254,
5,0.608745,
6,0.544798,
7,0.544289,
