Cluster, Core Distance
0,0.818285,
2,0.596656,
3,0.59974,
