Cluster, Core Distance
0,0.50992,
3,0.283081,
5,0.285173,
7,0.285397,
8,0.284605,
9,0.284422,
