Cluster, Core Distance
0,0.68124,
2,0.565424,
3,0.562366,
5,0.612443,
6,0.565005,
7,0.525495,
9,0.596399,
10,0.549159,
12,0.521526,
13,0.578259,
