Cluster, Core Distance
0,0.720446,
2,0.565986,
3,0.566139,
