Cluster, Core Distance
0,0.735702,
2,0.57162,
3,0.5648,
4,0.588211,
8,0.633578,
9,0.659565,
10,0.608258,
11,0.609371,
12,0.640054,
14,0.607295,
17,0.629892,
18,0.613234,
19,0.558901,
