Cluster, Core Distance
0,0.789374,
2,0.735963,
3,0.754868,
