Cluster, Core Distance
0,0.511514,
2,0.305528,
3,0.303545,
5,0.32208,
7,0.323126,
8,0.321322,
11,0.26607,
13,0.328629,
14,0.35848,
16,0.346414,
19,0.304913,
21,0.393209,
24,0.329176,
25,0.376211,
26,0.364013,
28,0.37278,
32,0.372156,
36,0.364122,
41,0.418684,
43,0.359538,
44,0.35463,
46,0.355078,
47,0.379742,
50,0.371526,
51,0.353659,
52,0.362857,
56,0.367443,
58,0.347061,
59,0.318676,
60,0.34346,
61,0.308904,
62,0.399164,
66,0.371584,
67,0.372978,
72,0.330456,
73,0.388517,
