Cluster, Core Distance
0,0.673383,
2,0.632124,
3,0.561624,
