Cluster, Core Distance
0,0.726689,
2,0.556314,
3,0.563488,
