Cluster, Core Distance
0,0.866924,
2,0.773615,
5,0.830725,
6,0.806447,
11,0.60104,
14,0.616108,
16,0.613086,
17,0.552616,
