Cluster, Core Distance
0,0.710346,
2,0.545199,
3,0.547965,
