Cluster, Core Distance
0,0.642346,
2,0.461853,
3,0.471473,
