Cluster, Core Distance
0,0.539138,
2,0.478992,
3,0.362421,
