Cluster, Core Distance
0,0.502428,
2,0.311709,
3,0.311676,
