Cluster, Core Distance
0,0.760102,
2,0.577241,
3,0.577216,
