Cluster, Core Distance
0,0.606163,
2,0.525823,
3,0.56343,
4,0.413871,
11,0.336458,
14,0.325798,
15,0.279302,
