Cluster, Core Distance
0,0.640987,
2,0.505909,
3,0.499301,
