Cluster, Core Distance
0,0.503503,
2,0.318618,
3,0.318425,
