Cluster, Core Distance
0,0.618719,
2,0.498326,
3,0.498626,
