Cluster, Core Distance
0,0.591327,
2,0.303881,
3,0.304088,
