Cluster, Min Core Distance, Max Core Distance, Core Distance Ratio, Min Distance, Max Distance, Distance Ratio
0,0.299264,0.815972,2.7266,0.0349035,1.3405,38.406
3,0.253344,0.327836,1.29403,0.119822,0.557684,4.65428
4,0.23766,0.325375,1.36908,0.119822,1.15601,9.64777
5,0.18625,0.32783,1.76016,0.0349035,1.3405,38.406
