Cluster, Core Distance
0,0.666886,
2,0.52138,
3,0.519081,
