Cluster, Core Distance
0,0.758597,
2,0.454002,
3,0.434342,
4,0.42607,
5,0.428442,
6,0.519075,
7,0.41153,
8,0.587657,
9,0.453783,
