Cluster, Core Distance
0,0.609407,
2,0.487967,
3,0.489642,
