Cluster, Core Distance
0,0.617667,
3,0.476656,
4,0.476934,
5,0.496285,
