Cluster, Core Distance
0,0.557191,
2,0.284437,
3,0.284997,
