Cluster, Core Distance
0,0.594272,
2,0.484645,
3,0.482316,
6,0.468709,
7,0.458603,
8,0.398233,
10,0.552552,
11,0.451335,
