Cluster, Core Distance
0,0.657066,
2,0.563026,
3,0.554266,
