Cluster, Core Distance
0,0.61366,
2,0.610567,
3,0.297656,
