Cluster, Core Distance
0,0.627439,
2,0.489852,
3,0.48906,
