Cluster, Min Core Distance, Max Core Distance, Core Distance Ratio, Min Distance, Max Distance, Distance Ratio
0,0.289832,0.60172,2.0761,0.082048,0.909239,11.0818
2,0.181099,0.289039,1.59603,0.101604,0.909239,8.94883
3,0.261134,0.288445,1.10459,0.237713,0.792742,3.33487
