Cluster, Core Distance
0,0.507697,
2,0.272702,
3,0.272958,
