Cluster, Core Distance
0,0.551613,
2,0.439807,
3,0.47943,
4,0.311422,
5,0.309364,
