Cluster, Core Distance
0,0.788387,
2,0.577972,
3,0.582467,
5,0.480106,
7,0.612604,
9,0.575572,
10,0.616134,
11,0.607138,
