Cluster, Core Distance
0,0.501708,
2,0.318784,
3,0.432915,
4,0.310851,
8,0.231563,
9,0.294388,
10,0.285365,
11,0.290838,
