Cluster, Core Distance
0,0.532608,
2,0.334353,
3,0.334145,
