Cluster, Core Distance
0,0.772784,
2,0.504393,
3,0.462709,
