Cluster, Core Distance
0,0.552516,
2,0.33131,
3,0.479692,
4,0.313527,
5,0.311584,
