Cluster, Core Distance
0,0.518002,
2,0.319946,
3,0.319695,
