Cluster, Core Distance
0,0.646687,
2,0.235915,
3,0.236507,
