Cluster, Core Distance
0,0.694819,
2,0.55442,
3,0.557013,
