Cluster, Core Distance
0,0.620912,
2,0.468998,
3,0.469014,
