Cluster, Core Distance
0,0.769008,
2,0.732133,
3,0.622203,
4,0.743481,
6,0.680571,
7,0.723941,
