Cluster, Core Distance
0,0.551613,
3,0.323727,
4,0.311422,
5,0.309364,
