Cluster, Core Distance
0,0.718896,
2,0.563966,
3,0.539465,
