Cluster, Core Distance
0,0.575701,
2,0.379009,
3,0.573818,
