Cluster, Core Distance
0,0.52834,
2,0.326541,
3,0.456739,
5,0.293104,
7,0.289434,
8,0.287507,
9,0.286945,
