Cluster, Core Distance
0,0.623487,
2,0.488266,
3,0.489148,
