Cluster, Core Distance
0,0.812719,
2,0.59359,
3,0.595685,
