Cluster, Core Distance
0,0.526733,
2,0.462486,
3,0.450462,
