Cluster, Core Distance
0,0.776906,
2,0.497435,
3,0.524308,
