Cluster, Core Distance
0,0.948699,
3,0.69978,
4,0.936569,
5,0.805398,
