Cluster, Core Distance
0,0.604331,
2,0.217869,
3,0.217654,
