Cluster, Min Core Distance, Max Core Distance, Core Distance Ratio, Min Distance, Max Distance, Distance Ratio
0,0.460423,0.652804,1.41784,0.252662,0.678498,2.6854
2,0.197766,0.45972,2.32456,0.0713502,1.34409,18.838
3,0.333437,0.419623,1.25848,0.3975,0.660901,1.66264
