Cluster, Core Distance
0,0.464638,
2,0.299695,
3,0.411922,
