Cluster, Core Distance
0,0.531447,
2,0.333858,
3,0.333726,
