Cluster, Min Core Distance, Max Core Distance, Core Distance Ratio, Min Distance, Max Distance, Distance Ratio
0,0.365956,0.664555,1.81594,0.0592346,1.14541,19.3369
2,0.0836056,0.3743,4.47697,0.0215066,1.37719,64.0359
3,0.345486,0.352343,1.01985,0.37175,0.452744,1.21787
