Cluster, Core Distance
0,0.741843,
2,0.567402,
3,0.567449,
