Cluster, Min Core Distance, Max Core Distance, Core Distance Ratio, Min Distance, Max Distance, Distance Ratio
0,0.485925,0.870234,1.79088,0.0256257,1.39844,54.5718
2,0.147439,0.484236,3.28431,0.0256257,1.39844,54.5718
3,0.120154,0.485765,4.04286,0.0256257,1.39512,54.4423
