Cluster, Core Distance
0,0.701671,
2,0.565852,
3,0.557491,
5,0.589536,
6,0.553863,
8,0.476764,
9,0.617035,
10,0.536895,
12,0.531603,
14,0.482645,
15,0.518149,
