Cluster, Core Distance
0,0.56331,
4,0.415673,
6,0.379822,
7,0.367024,
10,0.336758,
15,0.323473,
18,0.240223,
20,0.303251,
21,0.315233,
22,0.311951,
23,0.285867,
24,0.256429,
25,0.296107,
26,0.286388,
30,0.234628,
31,0.213821,
