Cluster, Core Distance
0,0.775337,
2,0.672429,
3,0.614227,
