Cluster, Core Distance
0,0.690072,
2,0.496444,
3,0.496926,
6,0.496444,
8,0.478169,
9,0.505949,
10,0.454242,
11,0.369976,
