Cluster, Core Distance
0,0.547793,
2,0.488572,
3,0.344635,
