Cluster, Core Distance
0,0.651825,
2,0.651825,
3,0.626691,
