Cluster, Core Distance
0,0.506757,
2,0.293376,
3,0.271054,
4,0.506757,
5,0.410181,
