Cluster, Core Distance
0,0.732764,
2,0.548229,
3,0.539826,
