Cluster, Core Distance
0,0.814278,
2,0.637804,
3,0.633296,
