Cluster, Core Distance
0,0.550661,
3,0.319541,
4,0.310667,
5,0.306127,
