Cluster, Core Distance
0,0.633603,
2,0.543011,
3,0.525949,
5,0.499929,
6,0.496839,
8,0.423352,
9,0.527071,
