Cluster, Core Distance
0,0.682329,
2,0.520067,
3,0.520571,
