Cluster, Core Distance
0,0.556333,
2,0.350475,
3,0.350718,
