Cluster, Core Distance
0,0.778174,
2,0.72576,
3,0.741889,
