Cluster, Core Distance
0,0.694819,
2,0.55442,
3,0.599469,
4,0.637846,
6,0.572757,
7,0.661969,
