Cluster, Core Distance
0,0.541261,
2,0.334367,
3,0.33332,
