Cluster, Min Core Distance, Max Core Distance, Core Distance Ratio, Min Distance, Max Distance, Distance Ratio
0,0.320789,0.665706,2.07522,0.0109981,1.28347,116.699
3,0.268461,0.338584,1.2612,0.142243,0.709994,4.99143
4,0.274433,0.319567,1.16447,0.142243,0.678498,4.77001
5,0.16437,0.320759,1.95144,0.0109981,1.28347,116.699
