Cluster, Core Distance
0,0.798026,
2,0.620964,
3,0.618404,
