Cluster, Core Distance
0,0.446156,
2,0.297884,
3,0.359659,
