Cluster, Core Distance
0,0.545945,
2,0.285018,
3,0.28504,
