Cluster, Core Distance
0,0.860732,
2,0.772038,
5,0.830563,
6,0.804202,
11,0.599446,
14,0.607706,
16,0.608571,
17,0.539258,
