Cluster, Core Distance
0,0.573337,
2,0.367545,
3,0.367893,
