Cluster, Core Distance
0,0.67034,
2,0.497382,
3,0.496813,
4,0.371443,
5,0.501421,
6,0.491938,
7,0.484898,
