Cluster, Core Distance
0,0.79875,
2,0.74063,
5,0.753134,
6,0.775524,
11,0.566794,
14,0.578919,
16,0.553992,
17,0.485093,
