Cluster, Core Distance
0,0.486724,
2,0.324613,
3,0.327271,
