Cluster, Core Distance
0,0.44642,
2,0.315377,
3,0.315778,
