Cluster, Core Distance
0,0.930243,
3,0.664544,
4,0.889141,
5,0.78265,
