Cluster, Core Distance
0,0.498279,
2,0.270418,
3,0.271031,
