Cluster, Core Distance
0,0.817873,
2,0.605354,
3,0.817873,
