Cluster, Core Distance
0,0.707483,
2,0.67939,
3,0.583186,
4,0.665001,
6,0.585038,
7,0.652856,
