Cluster, Core Distance
0,0.659759,
2,0.485823,
3,0.485918,
4,0.387684,
6,0.34574,
7,0.484358,
