Cluster, Core Distance
0,0.690217,
2,0.53426,
3,0.524173,
