Cluster, Core Distance
0,0.642386,
2,0.478074,
3,0.469277,
