Cluster, Core Distance
0,1.15575,
4,1.15575,
5,1.07388,
7,0.994156,
10,1.02675,
12,1.09962,
13,1.06191,
