Cluster, Core Distance
0,0.642386,
2,0.478074,
3,0.469277,
4,0.398046,
6,0.394839,
7,0.485505,
