Cluster, Core Distance
0,0.482959,
2,0.306298,
3,0.305377,
