Cluster, Core Distance
0,0.676599,
2,0.382474,
3,0.335373,
