Cluster, Core Distance
0,0.712107,
2,0.588348,
3,0.587896,
