Cluster, Core Distance
0,0.732754,
2,0.590746,
3,0.574119,
