Cluster, Core Distance
0,0.66333,
2,0.548121,
3,0.548676,
