Cluster, Core Distance
0,0.67034,
2,0.497382,
3,0.496813,
