Cluster, Core Distance
0,0.463952,
2,0.29987,
3,0.29899,
5,0.289816,
6,0.354787,
7,0.422075,
