Cluster, Core Distance
0,0.733247,
2,0.566845,
3,0.565941,
4,0.699622,
10,0.650929,
11,0.569337,
13,0.595521,
14,0.676203,
15,0.576069,
16,0.541466,
17,0.610112,
