Cluster, Core Distance
0,0.61964,
3,0.481276,
4,0.460892,
5,0.493945,
