Cluster, Core Distance
0,0.544992,
2,0.338914,
3,0.341232,
