Cluster, Core Distance
0,0.581066,
2,0.447924,
5,0.444305,
6,0.389452,
11,0.32209,
14,0.321538,
16,0.318658,
17,0.303764,
