Cluster, Core Distance
0,1.19788,
4,1.19788,
5,1.16744,
7,1.09226,
10,1.07848,
12,1.17038,
13,1.15804,
