Cluster, Core Distance
0,0.508447,
2,0.273187,
3,0.273147,
