Cluster, Core Distance
0,0.641371,
2,0.578953,
3,0.556277,
