Cluster, Core Distance
0,0.810238,
2,0.567315,
3,0.568992,
