Cluster, Core Distance
0,0.556693,
2,0.478978,
3,0.470052,
