Cluster, Core Distance
0,0.492991,
2,0.307967,
4,0.278807,
5,0.27893,
