Cluster, Core Distance
0,0.713807,
2,0.550313,
3,0.65048,
5,0.602897,
6,0.647352,
8,0.513751,
9,0.632178,
