Cluster, Core Distance
0,0.552897,
2,0.350095,
3,0.351169,
