Cluster, Min Core Distance, Max Core Distance, Core Distance Ratio, Min Distance, Max Distance, Distance Ratio
0,0.310718,0.565996,1.82158,0.0277734,1.31479,47.3399
3,0.225037,0.310395,1.3793,0.0798406,1.08533,13.5938
4,0.173933,0.310707,1.78636,0.0283804,1.28019,45.1082
5,0.2257,0.310603,1.37618,0.0798406,1.13714,14.2426
