Cluster, Core Distance
0,0.679774,
2,0.389804,
3,0.338402,
