Cluster, Core Distance
0,0.883924,
2,0.550799,
3,0.495757,
