Cluster, Core Distance
0,0.501014,
2,0.38295,
3,0.329336,
4,0.402874,
7,0.369841,
8,0.328395,
10,0.314321,
11,0.314426,
