Cluster, Core Distance
0,0.701448,
2,0.557523,
3,0.513891,
