Cluster, Core Distance
0,0.679917,
2,0.508116,
3,0.507958,
