Cluster, Core Distance
0,0.710346,
2,0.545199,
3,0.547965,
5,0.499258,
6,0.472504,
9,0.615018,
11,0.650701,
12,0.547861,
13,0.564294,
