Cluster, Core Distance
0,0.69248,
2,0.487427,
3,0.492916,
