Cluster, Core Distance
0,0.837063,
2,0.731042,
4,0.698738,
7,0.73851,
8,0.686742,
10,0.681935,
13,0.598155,
14,0.679443,
17,0.596586,
18,0.476472,
19,0.502698,
