Cluster, Min Core Distance, Max Core Distance, Core Distance Ratio, Min Distance, Max Distance, Distance Ratio
0,0.291123,0.69099,2.37353,0.0109981,1.36963,124.533
2,0.209623,0.289978,1.38333,0.101604,0.709994,6.98784
3,0.234185,0.291115,1.24309,0.082048,1.01313,12.348
