Cluster, Core Distance
0,0.588786,
2,0.303869,
3,0.303805,
