Cluster, Core Distance
0,0.681482,
2,0.530549,
3,0.517061,
5,0.530549,
9,0.624642,
10,0.479221,
11,0.559841,
12,0.560784,
13,0.546498,
