Cluster, Core Distance
0,0.589576,
2,0.368685,
3,0.368295,
