Cluster, Min Core Distance, Max Core Distance, Core Distance Ratio, Min Distance, Max Distance, Distance Ratio
0,0.301396,0.823224,2.73137,0.0349035,1.3405,38.406
3,0.197097,0.334566,1.69747,0.0349035,1.3405,38.406
4,0.252024,0.331214,1.31422,0.119822,0.614762,5.13063
5,0.253364,0.333181,1.31503,0.119822,0.526471,4.39378
