Cluster, Core Distance
0,0.602936,
2,0.490662,
3,0.488562,
5,0.458922,
7,0.452614,
8,0.436104,
10,0.56029,
11,0.401978,
