Cluster, Core Distance
0,0.707483,
2,0.585333,
3,0.583186,
