Cluster, Core Distance
0,0.545945,
2,0.308767,
3,0.545945,
