Cluster, Core Distance
0,0.435862,
2,0.335998,
3,0.408036,
