Cluster, Core Distance
0,0.532634,
2,0.334243,
3,0.334079,
