Cluster, Core Distance
0,0.580195,
2,0.366619,
3,0.365431,
