Cluster, Core Distance
0,0.694153,
2,0.549826,
3,0.550394,
