Cluster, Core Distance
0,0.705824,
2,0.676695,
3,0.563481,
4,0.63908,
5,0.644895,
