Cluster, Core Distance
0,0.668835,
2,0.517556,
3,0.52963,
4,0.472398,
7,0.604913,
9,0.448938,
10,0.546498,
11,0.649776,
