Cluster, Core Distance
0,0.602936,
2,0.490662,
3,0.488562,
