Cluster, Core Distance
0,0.593,
2,0.305455,
3,0.306291,
