Cluster, Core Distance
0,0.615613,
2,0.225873,
3,0.225525,
