Cluster, Core Distance
0,0.850783,
2,0.772346,
4,0.718439,
7,0.742536,
8,0.715331,
10,0.717818,
13,0.611345,
14,0.702175,
17,0.657306,
18,0.532584,
19,0.543744,
