Cluster, Core Distance
0,0.702159,
2,0.546611,
3,0.638958,
5,0.593252,
6,0.625255,
8,0.478658,
9,0.630446,
