Cluster, Core Distance
0,1.03224,
4,1.03224,
5,0.964679,
7,0.822895,
10,0.816388,
12,0.7317,
13,0.65541,
