Cluster, Core Distance
0,0.530276,
2,0.331995,
3,0.331986,
