Cluster, Core Distance
0,0.679077,
2,0.520305,
3,0.514543,
