Cluster, Core Distance
0,0.884832,
2,0.592019,
3,0.54246,
