Cluster, Core Distance
0,0.669902,
2,0.375913,
3,0.330152,
