Cluster, Core Distance
0,0.52834,
3,0.299635,
5,0.293104,
7,0.289434,
8,0.287507,
9,0.286945,
