Cluster, Core Distance
0,0.498241,
2,0.269824,
3,0.270029,
