Cluster, Core Distance
0,0.62382,
2,0.479913,
3,0.539258,
