Cluster, Min Core Distance, Max Core Distance, Core Distance Ratio, Min Distance, Max Distance, Distance Ratio
0,0.370122,0.788868,2.13137,0.0223599,1.32981,59.4731
2,0.132096,0.369711,2.7988,0.0223599,1.38505,61.9436
3,0.12999,0.363062,2.79301,0.0581396,1.24124,21.3492
