Cluster, Core Distance
0,0.72713,
2,0.558004,
3,0.564919,
