Cluster, Core Distance
0,0.593426,
2,0.484851,
3,0.484763,
4,0.466761,
6,0.549837,
7,0.292128,
