Cluster, Core Distance
0,0.594498,
2,0.549993,
3,0.415284,
5,0.477699,
6,0.320701,
7,0.415284,
