Cluster, Core Distance
0,0.731334,
2,0.575243,
3,0.602202,
5,0.506914,
7,0.513227,
8,0.588471,
9,0.598599,
