Cluster, Min Core Distance, Max Core Distance, Core Distance Ratio, Min Distance, Max Distance, Distance Ratio
0,0.350543,0.664555,1.89579,0.0215066,1.21428,56.4608
3,0.345486,0.352343,1.01985,0.37175,0.452744,1.21787
5,0.167231,0.363429,2.17321,0.247341,0.629074,2.54334
6,0.334641,0.34604,1.03406,0.37175,0.629074,1.6922
7,0.136441,0.350309,2.56747,0.0215066,1.36405,63.4249
