Cluster, Core Distance
0,0.471426,
2,0.368764,
3,0.35561,
