Cluster, Core Distance
0,0.588786,
2,0.413368,
3,0.588786,
