Cluster, Core Distance
0,0.523732,
2,0.393599,
3,0.458581,
5,0.323057,
8,0.429316,
11,0.42392,
12,0.372818,
13,0.361437,
15,0.328797,
16,0.34394,
18,0.357564,
28,0.303801,
34,0.178816,
35,0.226254,
