Cluster, Core Distance
0,0.66333,
2,0.548121,
3,0.548676,
5,0.54647,
6,0.51924,
8,0.446427,
9,0.569589,
10,0.587349,
13,0.519069,
14,0.532731,
15,0.578829,
