Cluster, Core Distance
0,0.638095,
2,0.638095,
3,0.313217,
