Cluster, Core Distance
0,0.518002,
2,0.518002,
3,0.319695,
4,0.380541,
6,0.346954,
7,0.455711,
