Cluster, Core Distance
0,0.56578,
2,0.293923,
3,0.293942,
