Cluster, Core Distance
0,0.550548,
2,0.374719,
3,0.47692,
4,0.308967,
5,0.307313,
