Cluster, Core Distance
0,0.609407,
2,0.585086,
3,0.489642,
4,0.569301,
5,0.546239,
