Cluster, Core Distance
0,0.562305,
2,0.357074,
3,0.356773,
