Cluster, Core Distance
0,0.661924,
2,0.513408,
3,0.514636,
