Cluster, Min Core Distance, Max Core Distance, Core Distance Ratio, Min Distance, Max Distance, Distance Ratio
0,0.399965,0.821174,2.05312,0.0256257,1.40239,54.7261
2,0.0658177,0.398787,6.05896,0.0256257,1.39512,54.4423
3,0.0763224,0.397367,5.20643,0.0256257,1.39512,54.4423
