Cluster, Core Distance
0,0.789978,
2,0.587658,
3,0.576546,
