Cluster, Core Distance
0,0.869651,
2,0.785492,
5,0.845095,
6,0.808366,
11,0.614704,
14,0.622051,
16,0.613999,
17,0.592166,
