Cluster, Core Distance
0,0.560673,
2,0.354187,
3,0.353777,
