Cluster, Core Distance
0,0.73986,
2,0.566038,
3,0.566767,
