Cluster, Core Distance
0,0.683727,
2,0.395758,
3,0.339611,
