Cluster, Core Distance
0,0.495068,
2,0.325853,
3,0.327224,
