Cluster, Min Core Distance, Max Core Distance, Core Distance Ratio, Min Distance, Max Distance, Distance Ratio
0,0.324063,0.514621,1.58802,0.0283804,1.28019,45.1082
2,0.141936,0.324011,2.28279,0.0277734,1.33583,48.0975
3,0.283706,0.321666,1.1338,0.129859,0.918004,7.06922
