Cluster, Core Distance
0,0.669066,
2,0.371749,
3,0.324854,
