Cluster, Core Distance
0,0.60912,
2,0.509176,
3,0.486868,
