Cluster, Core Distance
0,0.626584,
2,0.626584,
3,0.331248,
