Cluster, Core Distance
0,0.938886,
4,0.865364,
5,0.938886,
7,0.795054,
10,0.720072,
12,0.671863,
13,0.607984,
