Cluster, Core Distance
0,0.62529,
2,0.519627,
3,0.518149,
5,0.500147,
6,0.476516,
7,0.536323,
