Cluster, Core Distance
0,0.909442,
2,0.810157,
4,0.735849,
7,0.814215,
8,0.745034,
10,0.735528,
13,0.622662,
14,0.711314,
17,0.676266,
18,0.548336,
19,0.576168,
