Cluster, Core Distance
0,0.70947,
2,0.569378,
3,0.568647,
5,0.594577,
6,0.575964,
8,0.543752,
9,0.62088,
10,0.591027,
12,0.536321,
14,0.566255,
15,0.576465,
