Cluster, Core Distance
0,0.633729,
2,0.491967,
3,0.567097,
