Cluster, Core Distance
0,0.630459,
2,0.488019,
3,0.489254,
