Cluster, Core Distance
0,0.714957,
2,0.492059,
3,0.492645,
