Cluster, Core Distance
0,0.782005,
2,0.458578,
4,0.608252,
5,0.539076,
8,0.591436,
10,0.453917,
11,0.577563,
