Cluster, Core Distance
0,1.21142,
4,1.21142,
5,1.18352,
7,1.12284,
10,1.09027,
12,1.17884,
13,1.16584,
