Cluster, Core Distance
0,0.703333,
2,0.549623,
3,0.639775,
5,0.631116,
6,0.646451,
8,0.487758,
9,0.624117,
