Cluster, Core Distance
0,0.59141,
2,0.304568,
3,0.304755,
