Cluster, Min Core Distance, Max Core Distance, Core Distance Ratio, Min Distance, Max Distance, Distance Ratio
0,0.322088,0.794874,2.46788,0.0223599,1.38505,61.9436
3,0.158292,0.382029,2.41344,0.0581396,1.24124,21.3492
4,0.265851,0.335634,1.26249,0.115415,0.481956,4.17585
6,0.180299,0.326492,1.81084,0.0223599,1.34541,60.1706
7,0.269033,0.32667,1.21424,0.0581396,0.613798,10.5573
