Cluster, Core Distance
0,0.648041,
2,0.500735,
3,0.531713,
