Cluster, Core Distance
0,0.666528,
2,0.371721,
3,0.321789,
