Cluster, Core Distance
0,0.550757,
2,0.498328,
3,0.402187,
