Cluster, Core Distance
0,0.58379,
2,0.498207,
3,0.498698,
5,0.505879,
6,0.44928,
7,0.495324,
