Cluster, Core Distance
0,0.567607,
2,0.379231,
3,0.560104,
