Cluster, Core Distance
0,0.502428,
2,0.358481,
3,0.425574,
