Cluster, Core Distance
0,0.624069,
2,0.515024,
3,0.49924,
4,0.443526,
6,0.563926,
7,0.564876,
