Cluster, Min Core Distance, Max Core Distance, Core Distance Ratio, Min Distance, Max Distance, Distance Ratio
0,0.371635,0.450328,1.21175,0.0798406,1.06849,13.3828
2,0.0944305,0.371178,3.9307,0.0277734,1.38414,49.8371
3,0.326834,0.348438,1.0661,0.414545,0.497601,1.20035
