Cluster, Min Core Distance, Max Core Distance, Core Distance Ratio, Min Distance, Max Distance, Distance Ratio
0,0.237271,0.457453,1.92798,0.160906,1.02964,6.39899
2,0.211629,0.28515,1.3474,0.383386,0.510863,1.3325
5,0.170323,0.271647,1.59489,0.259918,0.755158,2.90537
7,0.18641,0.27147,1.45631,0.259918,0.755158,2.90537
8,0.189381,0.250425,1.32234,0.259918,0.510863,1.96548
9,0.109457,0.27651,2.52619,0.0166084,1.37379,82.7164
