Cluster, Core Distance
0,0.640187,
2,0.640187,
3,0.343019,
