Cluster, Core Distance
0,0.647301,
2,0.502951,
3,0.501198,
