Cluster, Core Distance
0,0.684314,
2,0.497776,
3,0.504735,
